review_text,rating,sentiment
I used this on my dashcam that records 720p continuous for 12 hours without fail. Also used this on my Zoom H1.,5.0,2
"spoke with customer service had it replaced 3 times, card had problems all of the times, they were all the time looking for ways to get out of the warranty until they decided i did something which obviously wasn't the problem because it happened 3 times with the previous cards, basically look into other companies that honer their warranties,very sad usually very good cards,they kept saying that Samsung updated the software and they update it in ways that it wont match the Sandisk cards.??",1.0,0
Slow and expensive- better options out there,3.0,1
"I have purchased two of these 64gb sd cards and used them in an Android phone, and in a video recorder.After about 3 months usage in my phone, the card would randomly unmount and it took many remounts or reboots to get the card to work again.  Eventually, it stopped accepting writes at all, and couldn't even be formatted... although I could see what was on there.I repurchased the card, and after a couple months, the same thing happened again: random unmounts.  I moved the card to a video recorder, where it worked for a while... but even with a different usage pattern, it died again.I have had no problems with 32GB cards so far.  I'm staying away from this generation of 64GB cards.----EDIT----Getting these cards RMA'd was quick and easy.  I had a Lexar 128GB SD card die too, and I sent the cards in all at the same time.  I haven't gotten an update from Lexar, but I got updates AND my replacement from SanDisk.  Supposedly there was something fixed in this new card revision.  I hope so.",1.0,0
Easy install in to the S4 and expansion of memory was completed with out issue.  Product works as it is advertised.,5.0,2
"Hard to believe that 10 years ago you would have needed a big hard drive to have this much room. I use this card in my Samsung Y Duos Smartphone and it provides more than enough room for my entire music library, a bunch of movies, and all of the apps for my phone and I still have more than 3/4 of the space left.Works perfectly and I've always had good luck with SanDisk products.",5.0,2
"This SanDisk UHS-1 TF Card is in good quality.However, it is not working as fast as the Class 10 standard. For operating a series of 4KB files, it can only read at ~2.6MB/s and write at 1.5MB/s.Compared to the SAMSUNG UHS-1 microsd, the SAMSUNG UHS-1 card can at least process 5MB of 4KB files per second, either reading or writing. For reading/writing giant files, This Sandisk card can reach &#62;30MB/S for reading and &#62;15MB/s for writing, which is acceptable for this price, but still a bit lower than SAMSUNG.",3.0,1
"I bought this card to replace a lost 16 gig in my phone, (HTC G2). Seems to be working perfectly, so I will recommend to all. WAIT!!! read on...I had this card in my phone for a little over a month when it messed up. The phone stop recognizing the card, tried it in the computer and it was not recognized either. I contacted San-disk and they did send me out a replacement but I lost the few pictures I had on the original card. I could have sent the card to San-disk's data recovery people and they would have charged me $275.00 if they were able to recover the data and nothing if they couldn't. A bit to rich for me so I passed and unfortunately lost the photos.",3.0,1
"Use it in Sammy Tab 2, formatted in a HTC phone, then put in in the tab 2......",5.0,2
"This card advertises itself as UHS1 but it's actually UHS50.This means that it will not go up to SDR104 speeds/throughput.Not necessary bad, just false advertising.",3.0,1
Works fine with photo shooting and video recording in EOS camera with the SD adapter. Perfect for tablet and phone memory.,4.0,2
"I purhcased this card for my Hero 3 cam.  It worked all of last year, or the 3-4 times i used it.  I used it again this year and had some great once in a  life time ski videos and the card failed.  It could not be read or reformatted.  I lost all my vids.  It was strictly used in my hero 3 cam.  I pulled it out to try to retreive the vids using several PC's, multiple card readers, and recovery software but no good. I have never known a card to fail and I am extremely disappointed.Try another brand.  Next time I will use multiple cards with smaller storage and a different brand.",1.0,0
"This card advertises itself as UHS1 but it's actually UHS50.This means that it will not go up to SDR104 speeds/throughput.Not necessary bad, just false advertising.",3.0,1
"Not much to say about this, but it was definitely worth the buy. It comes w/ a small case to hold both itself and the adapter. For just over $10 you really can't go wrong.",5.0,2
This doesn't work on the galaxy note 10.1. It is getting detected however it is not being utilized by the note 10.1.,1.0,0
Crashed... Lost everything... Thanks SanDisk.  Used in gs4..not a solid product couple years worth of stuff gone in an instant.,1.0,0
"Formatted card with SDFormatter 3.1PC used to test this card Sony vaio C2D sz645 + vaio memory card adapter VGP-MCA20A.h2testw 1.4 test results:Test finished without errors.Writing speed: 6.94 MByte/sReading speed: 12.5 MByte/sH2testw v1.4Android phone Samsung Exhibit 2SDTools test result:9.3MB/s write21.3MB/s readAlso tested write speed with an older model Sandisk usb 2.0 sd card reader and cheap generic unbranded reader, get about same results. I don't have any devices that can handle UHS-1 ""ultra"" speed of this card. Seems like a class 6 card or none of my gadgets can handle 10MB/s write speed or it's a class 6 card sold as class 10.",3.0,1
After exactly month and a half this card is done...and with it i lost all my pics and videos...just after the return policy expired!! card is not recognized by my phone or PC. Trying to get RMA from Sandisk...I own the S3 and have read extensive problems with the 32 and 64gb card class 10! Samsung says is Sandisk...and Sandisk says is the phone ??? But i've seen other cards failing with different phones! All Android by the way...What's the problem ?,2.0,0
"I bought 4 of these units (yes, at Amazon):  SanDisk Ultra 32 GB microSDHC Class 10 UHS-1 Memory Card 30MB/s with Adapter SDSDQUA-032G-U46A for 3 Samsung Galaxy SIII and one Samsung Note 2, and found that one in the SGIII has stopped working. I tried everything, in a computer, in different adapters - dead is dead. Since the other three are used by non-techno people, I am not sure if they are still working or not.When I contacted SanDisk, they gave me test instructions, which of course all failed the tests. To return, I have to pay for shipping that MUST BE tracked. This will cost around $20 for a $26 item. I ignored this, and shipped with a regular mail. I should not expect anything back, but who knows.For $6 more I have another unit, and I can tell you it will not be a SanDisk Ultra. Oh, well, the average price for the 3 remaining units will then be $34 (33% more than the purchase price).If I get a replacement, I will update this message.Update:I got an e-mail from SanDisk to advise me that they did receive the item and it is being processed. Shipping without tracking cost me $0.65 vs. $20. At least I have to give their customer service (or return department?) credit for being honest. Too bad the memory cards have problems, as SanDisk had an excellent name for providing good quality products. Maybe I should give this another 1/2 star, but there no such thing.",2.0,0
"I'm using this in a SAMSUNG GALAXY S3 16GB unlocked smartphone and the only problem is as you write more and more flies to the card it gets slower and slower to the point that you'll be so p.o at a crucial moment , say for example you want  to access a video  or doc , that when you do actually get your file you've lost  all faith in the card .So buy it for the capacity but always remember it's not reliable  for fast access.",3.0,1
"had to send it back to SanDisk.  They did replace it at no cost - which is nice - but still ... if I had lost a bunch of data I would have been pretty bummed.  I used it in my phone to store music.  one day i turned on my phone and it said &#34;can't read card&#34;  that was it - i tried putting it in my computer to reformat, wasn't even recognized as a drive at all.",3.0,1
I get the occasional dropped frames when using it to record HD video in HD camera. Solid for the 1 couple of weeks. Time will tell.,3.0,1
"Used on a Galaxy Note and so far it has been great, fast card and excelent brand, a+ performance !Update may 10 2013, it stopped working! It does not work with my Galaxy Note or my PC, sadly it is not recognized by any device...",3.0,1
"8 gb card works fine in the device, but this 32 gb card will unmount when moving or copying large amounts of data.Never tried reformatting or in-depth troubleshooting, but I expect products from a reputable company like SanDisk to just work.",2.0,0
"NOT GOOD REPEATEDLY SELF EJECTS FROM NEW GALAXY S4  RETURNED FOR EXCHANGE OR REFUND....BOUGHT TWO ONE WORKS WELL BUT ONE DOESN'T I GUESS IS DEFECTIVE....I HAVE TWO GAL S4,..IS WHY I BOUGHT 2...",1.0,0
"This SanDisk UHS-1 TF Card is in good quality.However, it is not working as fast as the Class 10 standard. For operating a series of 4KB files, it can only read at ~2.6MB/s and write at 1.5MB/s.Compared to the SAMSUNG UHS-1 microsd, the SAMSUNG UHS-1 card can at least process 5MB of 4KB files per second, either reading or writing. For reading/writing giant files, This Sandisk card can reach &#62;30MB/S for reading and &#62;15MB/s for writing, which is acceptable for this price, but still a bit lower than SAMSUNG.",3.0,1
"I use it for my galaxy s4 and this card crashed on me few times, i lost all my photos and music. Thankfully they were all backed up but the worst part is, the card completely stopped working at one point. I had to contact sandisk for a replacement and it was a hassle.",3.0,1
does what is was designed,5.0,2
For the one that are afraid of buying it to use with your tablet: good news. Is tiny piece of memory works fine with samsung galaxy note N8000. I had to do nothing. Just plug it. no problems at all. It runs smooth so far.,5.0,2
Received a defective one that did not want to format.  Returned it.  Bought a different brand instead although from past experience Sandisk has been fine.,3.0,1
After exactly month and a half this card is done...and with it i lost all my pics and videos...just after the return policy expired!! card is not recognized by my phone or PC. Trying to get RMA from Sandisk...I own the S3 and have read extensive problems with the 32 and 64gb card class 10! Samsung says is Sandisk...and Sandisk says is the phone ??? But i've seen other cards failing with different phones! All Android by the way...What's the problem ?,2.0,0
"Reliable and inexpensive. However, it's quite slow, far, far slower than the 64GB samsung pro microsdxc. The Samsung works well for interactive use while I would only use this Sandisk card for applications where speed isn't important.",3.0,1
I bought this when it was on a special deal.  Am happy with my decision to purchase this and do recommend it.,5.0,2
"Bought 2 of these for the wife's & my Android phone. When her's failed after 2 months, we figured it was just luck of the draw. Now mine failed after just over 4 months, losing a bunch of photos & videos (I made sure to back up every few weeks but even so, we just lost a bunch of photos of our 2 month newborn).Clearly SanDisk had a bad batch with this lot and as the return policy is horrible, I won't be buying any more SanDisk, no matter how cheap (when we bought them on sale around January 2013 they were over half the price of similar SD cards; again, SanDisk clearly knew they had a bad batch, shame on them for dumping them on the customer, no matter how cheap).While I would presumed they would have solved the problem in production, buy at your own risk, SanDisk will sell product with ridiculous failure rate.EDIT: After submitting my review I did some more research on other sites and the low star reviews here. SanDisk is so clearly guilty of selling a defective product from the batch about 6 months ago. Which as I said before, is when they put them on a super discount sale. They knew what they were doing and they are thumbing their nose at customers who just fell outside warrantee (like myself).To knowingly sell your customer something that is going to fail at an unacceptable rate and then ignore them because it failed a little bit outside warrantee is just bad faith. I beg people considering buying this product to not do so, and thumb up the reviews warning of failures. It is only when companies lose sales do they reconsider not screwing their customers like this.Personally I have bought several SanDisk thumb drives, CompactFlash cards, and a Sandisk MP3 player. The thumb drives were ok but I wouldn't buy another mp3 player from them (it was buggy as hell). Up until now I had an overall neutral to favorable opinion of them, not anymore.If you think I am overreacting, please just skim through a few pages submitted in springtime of 2013. There is at least one or more ""6 months and it failed"" reviews per page.",1.0,0
"I purchased this for my go pro hero 3... Its a solid card, but unless your planning to buy several I would recommended going with the 64 gig. At the higher capture setting you can only get a little over an hour or so of video time.",5.0,2
"Bought it, installed it in my Droid RazrM never removed it and it died at a little over 6 months now. Did not store apps or anything. just pictures and video from the phone.",1.0,0
"Simply works, what else matters?  Why does Amazon insist on a minimum number of words?  This is a simple product that works.  That' s all that needs saying.",5.0,2
"Had a 16GB card in my S4 and my wife didn't have a memory card in her S3, so I bought a couple of these for us. I needed a bigger card because I load custom ROMs and such and she needed one for her media. They work great and have a pretty nice capacity!",5.0,2
"Seems to be fast. I use it in a Galaxy note for media storage, and it seems to move files as well as any USB stick.",5.0,2
"It's a memory card, what can you say?  It was a good value, and has held up its end of the deal.",5.0,2
"I think this is probably a fine product, but it wasn't compatible with my Samsung Galaxy S3 phone. Formatted as exFAT (as it came from the factory), didn't work at all, but that's a known problem with the GS3. But even after reformatting to FAT32, the card caused my phone to reboot multiple times.",3.0,1
"Have only transfered some pictures and music so far. My S3  Galazy had no problems recognizing the card...hear a lot of rumors about memory cards not working, having to format first, etc., but this one worked from me right out of the box.The included Adapter is also good when I want to use with my computer(s) for slide shows since MicroSDHC are not supported by many if any..just to small.",3.0,1
"Bought 2 of these for the wife's & my Android phone. When her's failed after 2 months, we figured it was just luck of the draw. Now mine failed after just over 4 months, losing a bunch of photos & videos (I made sure to back up every few weeks but even so, we just lost a bunch of photos of our 2 month newborn).Clearly SanDisk had a bad batch with this lot and as the return policy is horrible, I won't be buying any more SanDisk, no matter how cheap (when we bought them on sale around January 2013 they were over half the price of similar SD cards; again, SanDisk clearly knew they had a bad batch, shame on them for dumping them on the customer, no matter how cheap).While I would presumed they would have solved the problem in production, buy at your own risk, SanDisk will sell product with ridiculous failure rate.EDIT: After submitting my review I did some more research on other sites and the low star reviews here. SanDisk is so clearly guilty of selling a defective product from the batch about 6 months ago. Which as I said before, is when they put them on a super discount sale. They knew what they were doing and they are thumbing their nose at customers who just fell outside warrantee (like myself).To knowingly sell your customer something that is going to fail at an unacceptable rate and then ignore them because it failed a little bit outside warrantee is just bad faith. I beg people considering buying this product to not do so, and thumb up the reviews warning of failures. It is only when companies lose sales do they reconsider not screwing their customers like this.Personally I have bought several SanDisk thumb drives, CompactFlash cards, and a Sandisk MP3 player. The thumb drives were ok but I wouldn't buy another mp3 player from them (it was buggy as hell). Up until now I had an overall neutral to favorable opinion of them, not anymore.If you think I am overreacting, please just skim through a few pages submitted in springtime of 2013. There is at least one or more ""6 months and it failed"" reviews per page.",1.0,0
"I put this in my Galaxy Note II and put a bunch of music and PDFs on it.  I also used it to save videos and photos.  It worked well for about 2 months then, on Christmas Day (today), it said that there was an error reading the card and the card was now blank.  My phone no longer recognizes the card and even putting it into its adapter and sticking it in the SDHC reader of my laptop doesn't work.If this is SanDisk Quality, then I am not impressed.  I am going to have to deal with their warranty replacement but I'd rather have a refund than get another card that might fail after 2 months...",1.0,0
"failed in my galaxy note after 8 months.lost all my pictures and videos that werent backed up.the card worked fine until suddenly wasnt being recognized on the phone or the computer.Sandisk honored the warrenty and sent a replacement and it works, but I am less confident about the product and afraid to lose data on it in later when i'm not prepared.",1.0,0
"I bought this card for my android based phone, soon I started getting messages that my card had been removed and or it was damaged, Tried it in my tablet same thing, and this was not the first card of this brand that I had bought that experienced this problem. Went to several online forums to see what the solution is; then someone hit upon it, it just might be a problem with this brand of cards.I bought a PNY brand micro SD card and had no problem whatsoever.",1.0,0
No problems with the card what so ever. Bought it for a new tablet just plugged it in and started to move files to it in a second.,5.0,2
"Its going back because it doesn't meet spec.Tested with  H2TestW, write speed is only 9.69 MB/s. Read speed is good at 18.80 MB/s. (although Sandisk claims up to 30MB/s)Meanwhile, a class (10) 32GB Transcend SD card I have writes at 15.30 and reads at 18.20.I also have a few class (6) 4GB Sandisk microSD cards writing at 15.40 and 15.50. Reading speed is 18.40 and 18.30.I also have a class (4) Kingston card that beats this class 10 Sandisk.",2.0,0
"Not bad, I doesnt feel any quicker than a normal 32GB card.  And you only get 27GB of storage. 20",3.0,1
"Downloaded eraseUS and formatted to fat32 with 32k clusters.  Mounted to either 7 or 10 with no problem, see nada instability.  But that's not the coool thing.  I actually have two of these.  One is in the sd slot, one is in the power port via the samsung sd/usb adapter.  Soooo, my 16g 10 is actually a 145gb 10.  I can't imagine what I will actually do with all that, but I have it.  Maybe run a Linux port and web server (just because I can).  Too bad about that external storage limit on iOS....",5.0,2
"I thought this was a sure winner from the average 4.5+ rating with thousands of reviews.  But if you notice the bad reviews involve the card becoming unreliable after a couple weeks of use. Typically people write reviews shortly after receiving the product.  My card worked fine for 2 weeks and then started having problems.  I re-formatted the card, re-inserted in the phone, removed the battery, every trick I could read about but the card still remained unreliable and the phone was thinking it was being removed at random times.  So I stuck my olders, slower 8GB microSD card in, worked fine.I suspect one or both is happening with this card:(a) Some cards are defective but it takes some usage for them to start failing to where the user notices.(b) For some reason, this brand of card doesn't like certain devices, like my Samsung Galaxy S3My guess is I got a lemon, but I'm not chancing it to getting another one and will just move on to another reputable brand.""You get what you pay for"" may be applicable here.  But a lot of others did have success with this card.  So YMMV.",1.0,0
"However, SanDisk replaced it and didn't charge for shipping.  So I guess I'll wait and see how long this one lasts.",3.0,1
"I got this to add more memory to my HTC EVO LTE phone. It works perfectly, is very fast on both reads and writes, and at 32GB, provides a lot of additional storage on top of the 8GB in the phone. I recommend this specific card for any Android phone. Sorry Apple users... No expansion slot for you! :)",5.0,2
"I wanted to believe that those people who wrote bad reviews on memory cards were just unlucky. Well it sucks being one of them. I cannot get this card to format not matter what device, software or technique I use. The mistake I made was that I didn't use the card right away to see if it was good -I thought, its a memory card, what could go wrong. Now I'm out of the US and returning it is not economically sensible. I don't know if it's quality control, but this card simply cannot work in any reader, device, with or without adapter (write protection off on the reader of course). The card shows up on devices, may even show data being copied then when you refresh, nothing has happened. All formatting software says it's write protected and nothing I do can remove it. Why would a new card come write protected anyway?  Very disappointing, especially since I lost data from my phone.",1.0,0
"Despite the Class 10 rating, this card has much slower write speeds than some others and there are numerous examples online of it not being fast enough to work with the high resolution video from the GoPro Hero 3 Black Edition. If you're using that camera, choose one of the cards recommended on their site.",1.0,0
"My Droid Razr runs a little slow, is it because of this card?  I can't be sure.  What I am sure about is I put this card into my GoPro Hero 3 Black Edition and the video I record comes out choppy.  So I bought the SanDisk Extreme Pro 16GB version of this card, and the GoPro works fine now.  SanDisk is normally very good, so perhaps I somehow got a bad Ultra card.  I never returned or exchanged it because the warranty had expired before I tried it in my GoPro and knew for sure the card was slow.  The SanDisk Ultra should work in the GoPro Hero 3 according to the GoPro website, so again, perhaps I just got a subpar card...",3.0,1
"I bought this card excited to expand the 16GB of storage that come with the phone.  However, this card had issues mounting when I would start the phone.  After some research, it looks like SanDisk had a large batch of bad cards.  If formatted as FAT32 the issue rarely occurred.  But when formatted as exFAT, like is ideal for mobile devices, it would happen every time the phone was reset.  Take caution with these cards.  The bad batch should be over, I have read, but if looking to use in a Samsung phone, maybe considering buying a different type of card, as this is the only brand I have seen with issues.  Other than that, it is a good card with great size.",3.0,1
"I think I got 8 or 9 months out of this before it started to fail. It is still working intermittently but my phone will suddenly stop being able to read it for no apparent reason. &#34;Designed for durability&#34; my foot. It might survive in salt water but it didn't survive in a phone that, frankly, doesn't get a whole lot of use. This is the first Sandisk product I've ever had fail on me. It may still be under warranty but I don't care. Now that I have to replace it I'm going to go with another brand.",2.0,0
"I use this in the S2, works great, movies, pictures, passworded storage areas, everything is working fine after 6 months! Your mileage may vary, good luck.",5.0,2
Tried this with its adapter on DSLR Camera and got some errors at times while trying to save data to card.  It is ok for other uses like computer external data.,2.0,0
"This SanDisk UHS-1 TF Card is in good quality.However, it is not working as fast as the Class 10 standard. For operating a series of 4KB files, it can only read at ~2.6MB/s and write at 1.5MB/s.Compared to the SAMSUNG UHS-1 microsd, the SAMSUNG UHS-1 card can at least process 5MB of 4KB files per second, either reading or writing. For reading/writing giant files, This Sandisk card can reach &#62;30MB/S for reading and &#62;15MB/s for writing, which is acceptable for this price, but still a bit lower than SAMSUNG.",3.0,1
"I have always trusted the SANDISK brand for valuable data.  This was ordered for my tablet and again, great size and quality for the price.",5.0,2
"Everything transfered over to my new SD card fine, but now my phone will randomly lose the SD card and have to search and re-scan it. Tried another SD card and no problems. Now I can only get a refund since its out of stock.Updated 12/9/12-SD card will not not work. My phone or computer will not read it. Lost everything. I'd advise if you are looking to purchase an SD card look at another brand.",1.0,0
"I bought this on October 9th and didn't start using it for about a week after I received it on the 11th. Well two days ago it died a quick death, I can't even format it! So after all these years of buying SanDisk products I guess I will give in and start paying a little more for Kingston it seems as though SanDisk is getting to be a cheaply built product. You would think that a product this small and inexpensive would be able to be replaced without cost within the first 90 days but that is my fault for not reading the fine print so lesson learned. Buy it right and buy it once so go with something else!",1.0,0
"SanDisk makes quality products and you can count on them at a small price than the competition. Again, why pay more for the same thing when this fits the bill for your needs. Save your extra money or give it to a needy family member....We recommend this product with an A+ rating.",5.0,2
"I've only had this Memory card for 3.5 weeks and it not only has recently started resetting, it intermittently loses contact with my Cell phone and the memory is lost, erasing everything on it!!!!!! Now I find out my return date has past and I'm stuck with a peice of s*** memory card that I can't do a damn thing about! Thanks a lot for nothing! I will never buy direct from here again!Also, I didn't realize I was supposed to have an adapter too? wow where the heck is that at???",1.0,0
"UPDATE 6/18/14: Well, I suppose nothing lasts forever. After almost a year, the card has gone bad. I use the card a lot in my smartphone - a T-Mobile Samsung Galaxy S3 (SGH-T999). All my photos, voice recordings, and downloads go on this card, and the downloads are transferred to my computer almost daily via USB cable. A few days ago, a video file I transferred to my computer refused to play correctly. No video, and the audio was skipping and squealing, which I recognize as the sound of a corrupted file. I thought maybe the transfer didn't complete; tried it again, same result. I tried to play the file right on the phone, and it didn't play on my phone! I knew there was a problem. I tried copying the video to my phone storage and playing it there, still no luck. Then I deleted the video and decided to download it directly to my phone, not the SD card - EUREKA. It played perfectly.I formatted the SDXC card twice - once from the phone and once through Windows - and tried the same test. Downloaded video file to the card, then to the phone. Same result both times - it wouldn't play on the SD card, but it did on the phone. All videos used to play perfectly on the SD card. Finally, I swapped out the card for my older, Sandisk Ultra 32GB Micro SDXC card. Like magic, it worked perfectly no matter what I played on it. So yeah, the 64GB card is dead. I should note that the card performed flawlessly for nearly a year up until a few days ago.Thankfully, Sandisk Ultra products like this carry an incredible Lifetime warranty - or 10 years for regions that don't recognize ""lifetime""; their Extreme line of cards raise that to 30 years! I've contacted their support for an RMA so I'll update this review as events unfold. If they replace it quickly, I'll bump this back up to 5 stars.ORIGINAL REVIEW:I'm using a Samsung Galaxy S3 smartphone. Sandisk Ultra Micro SD cards have never failed me, and this one's no exception. I used to have a 32gb card. They're fast and reliable and never corrupt data, which is more than can be said for some cheaper brands like PNY (those fail quite often). I can't wait to get the new 128GB model!",3.0,1
"It works fine with my galaxy note 8.0... it is hard to review now for performance, but the price is good... I think.",3.0,1
I am having some trouble with it in my cell phone (Motorola Triumph)  Music player has not been reliable since I loaded songs on it.  Not sure if it is the card or my phone and it is not a consistent problem.  I need to try it on a few other devices.,3.0,1
randomly died out of nowhere. i have the camera on for about 2 min and the card worked. turned the camera off and back on a few min later and the card no longer worked. I have no idea what happened but this seems to be a common problem with these cards.,1.0,0
"Used on a Galaxy Note and so far it has been great, fast card and excelent brand, a+ performance !Update may 10 2013, it stopped working! It does not work with my Galaxy Note or my PC, sadly it is not recognized by any device...",3.0,1
for my note pro.  note pro says 29.71 GB available...the mysterious 2.29 GB black hole strikes again.,5.0,2
"This card continually unmounted in my S4. It was really painful, when I remounted the card I sometimes retrieved my files, sometimes not. I have to say, though, that a card test in my PC, using Crucial diagnostics, went fine. My gut feel is that the card overheats, and shuts down in the S4, although I have no proof of this. What I do know is that it didn't work for me, and many others (google it). Naturally, Amazon refunded me the purchase cost when I returned the card, gotta love Amazon.I now have a Samsung 64g card, and no problems so far. I like Sandisk, but there's a compatibility problem here with the S4.",1.0,0
"The chip worked fine, fit perfectly, but it is SO TINY, if it falls out you are going to have a hard time finding it.If your application is a Tablet, or pad, if it has a &#34;push-in&#34; holder...you will want to put some tape, or other securing agent across the top of the chip and onto the Table sides.  If I had thought of it, clear finger nail polish would have worked just fine, or even a half drop of super glue on the top.I didn't, and it's forever gone now.  I changed from Android to Ipad and very satisfied that I upgraded to Apple.",3.0,1
"This is the card that solved the problem with three dash cams that would not operate properly, the problem was the cheap wrong type SD Card, use this card and it works!!!",5.0,2
Um nothing much to really say about it . The adapter for it works but I gave it 3 stars because it goes in n out sometimes,3.0,1
"The description is quite confusing - it says at same time class 10, which means that you should not expect write speed higher than 10mb/sec, and at the same time, it says UHS-1, which means 30mb/sec write speed. The truth, as usually, is somewhere in the middle, but close to lower end. I have a dedicated, high speed PCI-E cardreader, which I use for chip benchmarking. So, this card showed 12mb/sec sequental write speed and 34mb/sec sequental read speed. So, UHS-1 is ""true"" only for read operations, meaning that if you wanted this card to speed-up your digital camera speed photography - you've made the wrong choice. Just for reference, this cardTranscend 16 GB Class 10 microSDHC Flash Memory Card TS16GUSDHC10has sequental write speed of 17mb/sec and sequental read speed of 24mb/sec. As you see, the cheaper transcend has average 40% faster write speeds!",1.0,0
"I put this in my Galaxy Note II and put a bunch of music and PDFs on it.  I also used it to save videos and photos.  It worked well for about 2 months then, on Christmas Day (today), it said that there was an error reading the card and the card was now blank.  My phone no longer recognizes the card and even putting it into its adapter and sticking it in the SDHC reader of my laptop doesn't work.If this is SanDisk Quality, then I am not impressed.  I am going to have to deal with their warranty replacement but I'd rather have a refund than get another card that might fail after 2 months...",1.0,0
I have used and tested this memory card on GoPro Hero3 Black Edition and everything works great. No problem at all.,5.0,2
"If you were looking for a class 10 microsd card in order to DIRECTLY transfer files from your PC to your phone the fastest way possible you can go with a cheaper class 4 instead of this one. The speed is not much different than other class 4 microsd cards I've had. It's very far from the 30mb/s they promise, I got only about 4.5mb/s AT MUCH, and after a few minutes it's downhill from there. I tested on both windows and linux and didn't see a difference. Luckily there's not a lot of difference in price between a high quality class 4 and this one but then again, maybe I didn't look at the class 4 the way I should have since I was focused on getting a class 10. Oh well, you've been warned. Don't expect magic from this card.UPDATE 12/11/2013: Sandisk proactively answered this review to ask me to contact them. The reason I didn't contact them first it's because you usually receive slimy answers from this tech support and hardly any solution or help. It is indeed a waste of time. After sandisk comment I contacted them through one of their live chat agents and this is the interchange. My suspicious were confirmed and I indeed wasted my time:Daniel S.: Hello, thank you for contacting SanDisk. My name is Daniel S.. Please give me a moment while I look into your question.fer da: heyfer da: i just got this answer from sandisk:  http://www.amazon.com/review/R3EMA7XPN7IDZD/ref=cm_cd_notf_message?ie=UTF8&cdForum;=FxFNZEI17MH7ND&cdPage;=1&cdThread;=Tx7VKC9UPWNI9X#Mx3FKEEV0WIILE3Daniel S.: Please tell me what is written on the face of the memory card?fer da: never thought of contacting you because i thought i was just going to waste my time, but it was nice to be contacted proactively by youfer da: okfer da: the same thing as the one on the picturefer da: sandisk ultrafer da: microsdhc Ifer da: 32gbDaniel S.: Please allow me a moment.fer da: will you need more info from the card?Daniel S.: The Sandisk Ultra card is a UHS-I card and provides optimum performances when used with a UHS-I enabled device or card reader.fer da: my phone is off.. lolfer da: it says that it is a class 10 card, i bought it because of the promise of better speeds than the regular class 4 when using it with my phoneDaniel S.: I would like to inform you that you will get the minimum read speed of 10 mbps on a UHS-I enable device as the card is built on the UHS-I technology.fer da: and write speeds?fer da: i'm getting like 4mb/sfer da: a far cry from the 30 MB/s2 promisedDaniel S.: I would like to inform you that so I said the card is built on the UHS-I technology it will give the optimum speed with an UHS-I enable device.Daniel S.: You will get the minimum write speed of 10 mbps with an UHS-I enable device.fer da: okfer da: waste of time confirmedDaniel S.: I would like to inform you that if you'll use this card with an UHS-I enable device it will give you the optimum speed as it's promise.Daniel S.: Is there anything else I may assist you with?***removed one star because of the sliminess of contacting me via amazon to show ""sandisk cares"" but not really offering any real support when contacted.",2.0,0
"Ordered this from Amazon and was expecting it to work perfectly like my other 32GB sandisk (in my galaxy s4). However, I was really disappointed that upon placing it in my note 10.1 2014 edition the card become unrecognizable. I tried reformatting on the computer, on the phone, and yet, no prevail. It could be the firmware or current update of android, but the point is that, if other companies can make a card that works, why not do the same? Maybe I got a bad batch, who knows...I went ahead and ordered the G.Skill microsd card and now it's working perfectly. I'm s",1.0,0
"awesome! Worked well with the Surface 2 tablet.I later return the Surface 2 tablet , since it didn't seem like that I needed it but I made sure to take out the memory card :)Never had any issues with it though when I had it.",5.0,2
This may be the worst memory card I've ever purchased - and I have bought a lot of card over the years - wish I had just stuck with my ADATA cardsFirst issue - I lost a bunch of photos - they just did not exist at all - it was as if I never took them  - but since there was a large gap in the file names I know for sure I didOf 200 photos taken about 40 in the middle just disappearedi could not even recover them using a deep scan toolI've been shooting digital since the mid 90s and this is the first time anything like this has ever happenedThen there is the cheesy SD adapter - the switch was so loose it switched to locked while I was taking pictures.Luckily the camera warned me that the card was read only - after having already taken a bunch of shots that has saved without issueFinally I figured I could just use these in my Samsung phones - no such luck - the second I put them in and took a photo I got an error that it could not right to the card and I could no longer see the 8gig of photos that were on itYes this may be a know issue with the cards - I see a review mentioned that - and I see that SanDisk will replace them - but they cannot replace the photos I lost - so keep that in mind when considering this card - I will,1.0,0
"I dunno if it's a bad copy or what but When I try to transfer files like 2GB or 3GB it doesn't copy! It ejects itself and then mounts itself again. I had to transfer all my songs from my PC through Airdroid which was a pain in the a$$ I can't transfer movies from my PC and by the way I tried formatting it and checking for some errors but same issue but I can move smaller files like 20MB or soVery disappointing especially for such price!UPDATE: Now I have more problems! My phone tells me every now and then that the ""SD card was unexpectedly removed"" and I tried on other phones with the same problem",1.0,0
"Bought October 7th. Passed away December 23rd. RIP.I didn't really even use it because of the built in storage on my GS3. I had about 15 gb of music and movies on it, but only for when I was unexpectedly bored and without my zuneHd. On to the next brand I guess.",1.0,0
"Got this for my Samsung 3.  After 4 months, was no longer accessible - first message I got on the phone was that there was an unformatted Sd card installed.  Next, it wouldn't even recognize the card was in there.  I inserted a different card, and the phone was able to recognize it and play music off it - - so, not the phone.  I also tried having my desktop read the card - - no go there either....",1.0,0
"I can say that SanDisk is one of the best company in the fields of electronics and Digital Cameras, but I am very dissapointed of this Memory Card.The card memory is only 25GB and the speed is 14MB/s which is not as advertised.I gave it to my dad to use it on his phone and I started to use the Sony 32GB MicroSD. I can say that it works perfectly: the storage is 32GB and the speed is 43MB/s.Buy it now: http://amzn.to/1iGqMVm . This is the exact link I used to buy mine.",1.0,0
"Sadly I missed the return window by a couple of days.  this card got flaky in my galaxy note 2, a little google research and it appears this is a very well known and widespread issue with these class 10 32gb cards.  Avoid until it's fixed.",1.0,0
I purchased this product a few months back as a replacement for another 32GB Sandisk memory card that wasn't even a year old that ceased to work. After using this memory card for a few months I started having the same problem where the card randomly stops working or is not even recognized by my Galaxy S3 phone. I tried plugging it into my computer with the provided adapter and it seldom gets recognized. This card is not worth the money for it will not last. Buy PNY or any other brand. Sandisk has lost a customer.03/12/2013 - Amazon.com rocks! They refunded the full amount of the purchase! Kudos to them!,3.0,1
"this card would not show 64 GB until i spent $60 on a card reader that supports sdxc, and after doing that, it is transferring at class 1 speed. i managed to get it formatted in FAT32 with 59 GB free for my Cowon J3, but it's taking 10 hours to transfer 30 GB to it. i got a refund because this is not the service and quality i paid for. i just hope the music lists on my PMP when i turn it on tomorrow. i have it in the microSDXC slot of the AFT PRO-57U, which is connected to a Syba VIA VL800 USB 3.0 card. feel free to tell me i am doing it wrong and how to get class 10 speed.UPDATE: the transfer finished, but the data does not show in my Cowon J3, so the early versions that worked are gone. do not buy these for a device that is not SDXC specific because they have changed something in them.",2.0,0
"I bought this with Costco Black Friday deal and started using just a couple of days ago.  Today when I was transferring video files from my phone to the card, I wasn't able to because it stopped half way.  Now, nothing can be written on it.It was purchased from Costco, so it's not a fake Microsdhc card.  I tested it out its authenticity with an app on Google Play and verified that it's real too.  Still, it's a piece junk.  What is Sandisk doing to its reputation?I would advise shopper to choose other brands over this.  Surely, it's cheap; but would you rather lose all of the important files that you store in it?",1.0,0
in my Samsung note 2. fast no delays. transfers data in fon and to pc immediately. Good value for a top rated card.,5.0,2
"This product sucks.  My phone keeps giving me a ""card removed"" please re-insert or something like that! Only to find out that they do have that problem (32gb sd's and higher micro sd card ultra class 10).  Complained to company and it's taking forever for them to ship me a new one.  Many mistakes happened with my new items and inconvenient.  Better to have just returned it with ""Amazon"" got the money back and bought a different one!!!  Company sucks! you would think Sandisk is a reputable name but "":$)($)(*. I bought 2 cards from them 32g and 64g and both have problems.",3.0,1
"Trusted SanDisk for years.  No issues, works great.  Does exactly what is needed.  I use SanDisk in all my camera and phone gear.",5.0,2
its ffast light weight.. great price nothing to say here.. just a memory carduse it for my gopro hero 3 black,5.0,2
"Worked great in my galaxy s4--until it didn't work at all for some unknown reason. Used it for about 4 months before it crapped out. BACK UP YOUR DATA WITH ALL THESE THINGS, THOUGH....",3.0,1
"I got this to allow me to store and move movies and photos.  It holds a lot and playing videos straight from the card works fine.  So, it does what I needed it to do.  You generally can't go wrong with genuine SanDisk products.",5.0,2
"the price is good, it worked as expected, there is not much more to say about it. Have not tested the adapter.",5.0,2
"If your card gets hot enough to be painful, it is defective and you need to contact SanDisk!From my experience, the larger micro SDs run hot on format and writing, but not to the pain threshold!I purchased one of these cards to use in a camera and Android tablet.  Great read speed but write speed was okay.  Used card for about two weeks and then all my files disappeared!  Tried to format the card and three different computers with XP, Windows, and Linux couldn't format it.  The camera and tablet couldn't format it.  I RMA'd it and got another because SanDisk is a good brand.  I did notice that when formatting or writing the card it got hot, very hot.Second card didn't last 24 hours and had the exact same symptoms as the first card.  Write a file or format it resulted in the card getting hot enough to reach the pain threshold.  I called up SanDisk and while explaining this was the second card I'd received with the exact same symptoms, when I mentioned it getting hot, they immediately issued me an RMA.  They said they were told to issue an RMA the moment they heard a card ran hot.Smaller SanDisk micro SD's or regular SD's I have or use don't do this.  I think SanDisk has an issue with this card.The last 4 digits of the part number refer to the date code and origin of the card.  Both cards had different date and origin codes.",1.0,0
It failed after about one year of using on a samsung Galaxy s4. Now I contacted Sandisk for a potential replacement. I can't format it or do anythin wiith it.,1.0,0
"Have had no issues and does what is advertised.  Very handy.  Quite happy. :)I've used it with:  Windows 7, Mac OS X.Formatted as: FAT32 and NTFSVery good card. :)",4.0,2
"I find this card seems to frequently stop working altogether and have to be reformatted, or simply re-seated. It's hard to know if this is the fault of the device I use it in (a cellphone), or the card itself, so I can't really hold that against it, but all I can say is that's been my experience with this card, and not others.",3.0,1
This item works great as expected without any issues. I would recommend this item for anyone in need. Good buy.,5.0,2
"Got this for my Galaxy S3 android phone. As with most all San Disk products, it is high quality and I don't expect any problems.",5.0,2
"While out and about in a photo shoot I had this card fail on me. Luckily I'm a backup freak and was just starting out for the day so I only lost a few pictures. Card completely died and had to be sent back to Sandisk for a replacement.The whole process took a little over a week and communication was excellent so 5 stars on sandisk support.I know about memory so I always have multiple cards available and if I'm out for an extended time, spread my work out over cards to minimize risk.What about the average person who throws all their data on this disk and looses precious memories. Sure  they are at fault for not backing up their data. Unless you are shooting HD videos though, chances are you're not going to fill this card up in a day.Unless you either need the storage for HD video or something or your data is not important I'd say it makes more sense to just get several  16GB cards equaling 64GB at roughly the same or less price depending on brand.Again Sandisk support was great and they even asked if I needed data retrieved. I can't recommend this card though.",2.0,0
"This is my first SanDisk card, I have a bunch of other brands.  I use this one in a tablet.  It works great!  Really love the lifetime warranty that's included. So far so good!",5.0,2
"Having used SanDisk before in my photography, I of course went to them when it was time to outfit my new Samsung Galaxy S3 with an internal microSD card. I spent the extra bucks over comparably ""no name"" Micro SD cards and bought this variant. I took quite a few pictures and even transferred an album from my computer so I coud show it to friends on the go.After less than two months, the SanDisk microSD card started acting up. It was not recognized, stopped, restarted, removed itself, reinstalled itself onto the phone - erratic behavior. Here is where I should have taken it out immediately and tried to recover anything I could before things hit the fan...unfortunately I waited too long and this morning, for no other reason than I turned my phone on, the card shows up as blank. Neither my Windows PC, nor my Mac, can even detect the card and yes, i tried two different adapters, and I tried the SanDisk recovery which ""found no recoverable files"" even though I checked all file type extensions.I've apparently lost all the pictures I had on there. To top it all off, my GF's cheap ""no name"" card has never had an issue in her exact same phone and keeps chugging along merrily.Paying a premium for a substandard product that fails in use after two months? No thanks. I'm going back to Lexar, which hasn't failed me yet. I'm also getting rid of all my SanDisk cards for my DSLR's, just in case. The fact that SanDisk is the first card thats ever failed on me, and a new card to boot, does not inspire confidence. Buy and use at your own risk.",1.0,0
Awesome storage. So much space. You just have to format it to the correct format for a phone. and walla you have a ton of space.,5.0,2
"With all the great reviews on this card, I picked this up for my Samsung Galaxy S III. Popped in the card, and I was happy taking pictures, saving files, and living life.Fast forward two months later, and all of a sudden, the card stops functioning. My phone won't read it any more. My computer won't read it either. Submitted a ticket to Sandisk. Hopefully I can get a replacement that actually works.Thank goodness I saved all my photos on Dropbox.",1.0,0
"I have purchased 2 of these cards.  I have attempted to use them in my GoPro HeroHD, Samsung Galaxy S4, Asus TF700, and in all of them they end up corrupting out of the blue with no warning.  I then have to perform a deep recovery to get the files.  I will never buy these Ultra models again.",1.0,0
"I formatted this card as NTFS...loaded it up with a bunch of my kids' favorite movie and TV shows. Transfers seem to be pretty speedy, even while playing HD content.",5.0,2
"I haven't done any formal benchmarks, but the device seems pretty slow. I haven't seen any real performance boost vs. my old card even on bulk file copies. I have another 8GB samsung card that may be a knockoff that performs noticeably better than this card.I'm using it anyway. I don't really have the time to return it or anything.",2.0,0
I started to have trouble with my card after about 3 months. I shall attempt to get a replacement and hopefully the new one lasts much longer.,3.0,1
"I didn't format the card 1st and it cost me my video. Don't do what I did; format the card then use it (Windows PC) I'm not sure if you have to format 1st when using MAC. I used a PNY SDHC 16gb card and it did just as good as the SanDisk and it cost about $15 less, I think that's the better way to go, you're getting the same results just not as long of video time.",3.0,1
"im using this card on my galaxy note 2 but it's slow, and phone constantly unable to read the card",2.0,0
I bought the Sandisk Ultra 32gb card for use in my Samsung smart phone.  Worked great for about 3 months.  Now the phone won't recognize the card & neither will my computer.  Just went unreadable one day.  Very disappointed in the reliability of this card.  Will contact Sandisk as it has a lifetime warranty.  Shall see if they'll stand behind their product.,1.0,0
My young kids all filled their tablets with games and needed some space.  These worked just fine.  I like SanDisk.  I would buy stock in their company but I am not a gambling man.  Good ratings on the transfer speed too might I add with it being a class 10.,5.0,2
"It's a memory card. You take pics, the card stores them. If this is too complex a concept, ask someone for help...",3.0,1
Sandisk quality has failed me. Moving on to another brand. I've had three of these memory cards fail on me in very short order.,2.0,0
I use it to put my music videos and movies on. Works great with my tablet and there is no stalling on the movies or videos.,5.0,2
"Lasted about 8 months of daily use in my Android phone. But yesterday it stopped performing writes and then failed altogether. While it was working, reads were incredibly fast and writes were pretty good as well.",3.0,1
"works as well as a SD card can i guess, but its not 64gb its (59.45GB) not like it really is all that big a deal but i just found it strange.",3.0,1
"I bought this for my Android phone and it kept stating ""media scanning"" over and over, even when the device was on or not even restarted. I thought it was the phone and was so annoyed. Then did a search and found that several others got a duds from this same batch off amazon. So not only did I pay for this, now I have a useless 32gb card that refuses to hold music on my phone, or anywhere else. I loaded a 4gb card in the same device and it only scans media when restarted and does not lag at all. The phone can hold up to 32 gb too. If you don't believe me, go onto the Sandisk message boards and look. It's a dud. So disappointing.",1.0,0
"I got this for my brand new Nokia Lumia 810, but there is some kind of problem, the card is horribly slow, I can't record HD video to it, it studders.  I've tried reformatting several times to no avail.  I didn't have any of these problems with my old 32gb class 4 sandisk card...  There are other people having this problem as well, seems hit or miss.  I can't recommend this card at this time for this reason.EDIT:  I've contacted SanDisk and they are RMAing the card.  I'll improve the rating if the new card corrects the problem.EDIT: Got the new card, problem still exists...EDIT: I've suffered with this card for a year now, the only problem is that I cannot take video without studders, so I figured maybe software updates would eventually fix the problem.  They have not.  I have used multiple different camera apps, and the problem still persists.",1.0,0
"Its a good Micro card, self explanatory, I haven't had any issues with it. Works for just about putting anything on it.",4.0,2
I bought a new phone and got this chip because it was the largest the phone would accept.  I keep a lot of pictures on it.  100% satisfied.,5.0,2
First of all Amazon has shipped the mobile version of this card. It is different that what was listed on the page. There goes a star for incorrect shipping. And the item has stopped working after a week in my Surface tablet.,2.0,0
Used it for my Samsung Galaxy Tab 2 10.1 tablet.  Stopped working after about 10 months without warnings.  My tablet now recognizes as blank or un-formatted card; my computers won't even recognize it at all!  I am still trying to recover some priceless photos of my kids since my last backup of the card...,2.0,0
"failed in one month.  Sandisk very promptly replaced, great customer service, and the new card seems to work ok.  I have read that there are some problems with the galaxy s3 so it may not have been the memory module's fault it failed.",3.0,1
"I got my memory card here instead of on the gopro site and saved some money. Its the same card and it works awesome. This card is about 7 hours of 720 @30 frames per second, or about 4 hours of 720@60 frames or 1080 @30 frames. In a gopro, you will be burning through batteries way before you could ever fill these cards. I prefer more, smaller cards. If a card dies, it is less of a catastrophe and you also dont pay that premium for the larger cards. However, If I do a LONG time lapse with a battery source, having a large card is nice to have.",5.0,2
"I bought this card, originally for my Galaxy Note II, with the intentions of using it as my primary downloader, but I could not get it to format correctly for the phone, even using third party format software.I then tried it in my Galaxy Tab2 7.0plus......same problems.I finally, and ridiculously, put the card in my Nikon D5100 camera. I could take a whopping 8k photos, on high/large settings (not that I would ever need to take that many photos in one session). This was the last option I had, to use the card.It worked well, taking photos of a holiday, and thankfully, it did not fail before I could get my photos onto a computer. Since then, I have inserted it back in the camera, and reformatted (like you always should), and bam, one photo is good, after that, failure, every single time. So now I have a 64GB card, that is capable of taking and storing ONE PHOTO at a time, before I must run a ""fix file system"" on my computer.Don't waste your money on this card, over priced, not really faster than the other cards I have, and zero longevity. This may be a one off, but I think it is a problem created by the proprietary format exFAT, that makes this card a loser, or more to the point, the poor customer who buys it.UPDATE JULY 2012After contacting sandisk, they have offered an RMA, but first they must verify that I have not tried to ""recover"" or ""wipe"" the data on the card, and I must ship it, at my expense, to Taiwan. I have since emailed them in reply to the requested information (date of purchase, photos of the card, packaging ect), and I told them that the data on their is my data, and if I could have accessed the card, I would have wiped it, why should I give them my information, stored on the card? That makes me less than happy, I am guessing that they want to discourage returns. Who would want to send data to a company, not knowing who will access it, and what they will do with the information contained? I would have wiped the card, but it was unreadable, unable to format, unable to do anything. I will send it to them, hoping that the information is destroyed, along with the bad card.Sandisk, you are asking a whole lot of your customers, and since this card has gone bad, I have had several other cards from them, go bad as well, seems to be a whole lot of cards being shipped that die in very short time periods. I used to love their products, and their older flash drives are great, still using a micro cruzer that is 6 years old, and going strong. I have not had one single microSD card, from this company, last more than three months, since I moved to the Philippines. Either they send their junk to the Philippines, or they have dropped QC from their business model, to create higher profit margins.**UPDATE 2**After emailing Sandisk, and expressing my displeasure with having to return the item, intact, so that they can ""assess"" the card, and look at/recover what ever personal information may have been stored on the card, they rescinded. I can only assume that they want to get the card back, to verify that it is bad, or make sure that you are not just trying to get a free card out of them, which I can understand. Instead of requiring me to send the card back to them, they asked that I cut the card, and send a photo of the ""destroyed"" card, so they could process a new card, to be sent to me, directly in the Philippines. I hammered them pretty hard in this review, and in the email I sent to them, regarding the bad card, and sometimes, you get results, in this case, I give them 5 stars for doing the right thing. I had no problem cutting the card, since it would not operate in any of my devices anyway, but I did have a problem returning the device, intact, with out knowing what information was stored on the card (banking, amazon account info, passwords, ect.) I would have just kept the card, destroyed it, and never bought another from sandisk. With their faith restoring gesture, I will not remove them from my list of companies to avoid. I just hope that they get better at QC. I returned another defective card to the retailer yesterday, only to find out that you MUST have the original packaging for a replacement. I was lucky to still have one of my packages, but since I bought several of the cards, I am not sure if I gave them the matching package for the card I returned.I would suggest that if you are like me, and have several devices (2 DSLR's, galaxy Tab2, galaxy Note 2, SII, LG-P920), that you find a way to mark each card/package, and keep the package, in the case that the card should go bad. I have had more than half of my sandisk 32gb cards, fail on me, in less than 6 months. I only buy them, because of the cards available in my area, these are the best, which is scary, with such a high failure rate.",1.0,0
"I got this to use in my Acer Iconia W510-1422. When I went to format it it only shows it as a 27GB. I put it in one of my other computers to double check. YUP oddly 27GB. Fluke? Miss representing? Did I get a bad unit? Not going to return because packaging is gone and not interested in paying for the return. It works, it is fast, no issues, but only 27GB.",2.0,0
"There's a lot of counterfeits on these, and I apparently picked up a bum card from MemoryWhiz. My device shows me there's a 32gb of space there; it just is impossible to gain access to it. Rather, the /sdcard folder is found on my device's internal memory (the memory that came with the device). I even downloaded some apps that were supposed to read and write from my SDCard, but they work even when I unmount the card and remove it. So check out these cards thoroughly when you buy them and make sure they're what they say they are. Naturally, SanDisk isn't going to stand by a counterfeit.",1.0,0
This card is extremely fast. In order to leverage its full capability your card reader and device must support UHS-I. However it is also very fast with class 10 devices.,5.0,2
"Have only transfered some pictures and music so far. My S3  Galazy had no problems recognizing the card...hear a lot of rumors about memory cards not working, having to format first, etc., but this one worked from me right out of the box.The included Adapter is also good when I want to use with my computer(s) for slide shows since MicroSDHC are not supported by many if any..just to small.",3.0,1
Bought it for my Surface Pro. I've had it in there for a few months and I've had no problems. Very fast and stable.,5.0,2
"Figured there was not going to be any issues with SanDisk; produce arrived in well packaged - removed it, formatted it on computer, and installed. Working fine!",5.0,2
I bought this microSD card to expand the storage on my Surface Pro - it works seamlessly and is easy to swap out - definitely a worthwhile purchase.,5.0,2
I wish I could install one of these in my head.  But I will have to settle for installing it in my brain.  The increased memory for my tablet has been great allowing me to use it for many things.,5.0,2
"This is a great card. The FPS with this card were incredible. I ended up needing more memory, so I bought the SanDisk 64 GB card.",3.0,1
"That card was in very special offer, and I kept a couple of them.So fast and affordable, what I have to say more: it's a SanDisk!",5.0,2
"I have to assume that the brand new 64gb SanDisk Ultra Class 10 SDXC card is responsible for the occasional video recording stutter/pausing that has happened since I started using it today.  Prior to that, never had an issue with my previous SanDisk SDHC card.  But today on its maiden trip, it has led each video (only 3-5 minutes long each) to have several performance issues that by default I have to attribute to the card since nothing else has changed and I've never had an issue in the four months that I've had my Galaxy Note 2.  No problems formatting this card though or installing/using it otherwise.",2.0,0
"than i expected. I don't know if it would kill any manufacturers to actually have a memory card or stick or device to actually HAVE Available the advertised capacity. Fortunately l learned that the advertised and actual available memory are TWO SEPARATE THINGS before i bought it, always scroll down and read the technical spec of a device or anything before you buy as that way ideally, your actually informed. Let the buyer beware, is more appropriate every day as most things are not exactly as they seem. And if it's food and cheap, it's likely cancer causing and don't feed your body and your car in the same place.",3.0,1
"This product works as described.  It's just not super quick.  I would recommend this product, especially, if you get it on sale.",3.0,1
Bought from BestBuy online the day it was announced. I have tested in my Sony Xperia Z Ultra and my 12inch Samsung Pro tablet.Both work fine. Shows 119GB available. Only issue I have is that I paid 199.99 for it :(Best Buy will most likely match this though.,5.0,2
"UPDATE 6/18/14: Well, I suppose nothing lasts forever. After almost a year, the card has gone bad. I use the card a lot in my smartphone - a T-Mobile Samsung Galaxy S3 (SGH-T999). All my photos, voice recordings, and downloads go on this card, and the downloads are transferred to my computer almost daily via USB cable. A few days ago, a video file I transferred to my computer refused to play correctly. No video, and the audio was skipping and squealing, which I recognize as the sound of a corrupted file. I thought maybe the transfer didn't complete; tried it again, same result. I tried to play the file right on the phone, and it didn't play on my phone! I knew there was a problem. I tried copying the video to my phone storage and playing it there, still no luck. Then I deleted the video and decided to download it directly to my phone, not the SD card - EUREKA. It played perfectly.I formatted the SDXC card twice - once from the phone and once through Windows - and tried the same test. Downloaded video file to the card, then to the phone. Same result both times - it wouldn't play on the SD card, but it did on the phone. All videos used to play perfectly on the SD card. Finally, I swapped out the card for my older, Sandisk Ultra 32GB Micro SDXC card. Like magic, it worked perfectly no matter what I played on it. So yeah, the 64GB card is dead. I should note that the card performed flawlessly for nearly a year up until a few days ago.Thankfully, Sandisk Ultra products like this carry an incredible Lifetime warranty - or 10 years for regions that don't recognize ""lifetime""; their Extreme line of cards raise that to 30 years! I've contacted their support for an RMA so I'll update this review as events unfold. If they replace it quickly, I'll bump this back up to 5 stars.ORIGINAL REVIEW:I'm using a Samsung Galaxy S3 smartphone. Sandisk Ultra Micro SD cards have never failed me, and this one's no exception. I used to have a 32gb card. They're fast and reliable and never corrupt data, which is more than can be said for some cheaper brands like PNY (those fail quite often). I can't wait to get the new 128GB model!",3.0,1
"I bought this on August of 2013.  As of April 2014 the card stopped functioning.  It can still be read, but the writing capability is gone.  That's less than one year.  I'm extremely disappointed in the longevity of this card.  My usage of it has been on my Galaxy S4.  I have about 40Gb of data in it.  Guess I'm going to have to look for another card that has a longer lifespan than this one.",1.0,0
"Im using this on my HTC Inspire 4G works well, copies extremely fast, and no lag on Video Camera App. Worked right out of the box when installed in my HTC and can now enjoy HD Video instead of pixelated youtube quality. SD Card Adapter works too; no problems. Extremely recommend for such an affordable yet genuine Micro SD Card.",5.0,2
I used to use an 8GB one n I recently upgraded to this one as I have bigger need. Put it into my mobile as soon as I got it n it works well. Quite easy to use n I use it for storing all my music/ pictures on my mobile n sometimes upload movies when I go on long drives. Sandisk is a great brand n its definitely worth it.,5.0,2
"I got this product exactly 1 month and 3 days ago. Prior to today, it was working fine. Out of nowhere, my Micro SD card can't be read anymore. I've tried several phones, and 3 different laptops (both OSX and Windows 7), and it doesn't even show up anymore. Be weary of the product. You may end up with a lemon.",1.0,0
And you wouldn't believe what Sandisk put me through to get a warranty replacement.  However I finally got the replacement and it has been working fine ever since.,3.0,1
"I was given this card in October to add to my new Samsung Galaxy S3. I was thrilled I copied a ton of music onto the card and used my phone as my mobile Ipod substitute, leaving my Ipod Classic on my desktop in its speaker system cradle.Everything worked fine until a couple of weeks ago. I started getting messages that seemed to say that I had removed and inserted the memory card. Of course, I hadn't touched it. Then a few days ago the phone told me that the card contained unsupported files and that I needed to reformat it. Well, I tried reformatting. After that, nothing. Nothing at all. I pulled the memory card, reset the phone. Reinserted the card. Nothing. I tried the card in the adapter on 3 computers. It wasn't even visible.I called Sandisk tech support. It didn't take terribly long to convince them that I had a problem. But they quickly offered me two 16 gb cards as a replacement. I literally laughed at them. I got the disturbing sense that this is something that they are required to try. If so, that's a lousy business practice. After bouncing me around a few time, they agreed to send me an RMA and a shipping label. I duly sent the card off a couple of days ago. To be frank, I have no idea at all when I might receive a replacement.If I weren't already in the grips of Sandisk, I would buy another card. The fact that 10% of the comments here are negative is an indication of a real quality control problem. A 10% fail rate is simply unacceptable for a product such as this.Update: Well, I do have to give Sandisk credit for customer support. I returned the card using the supplied UPS label on a Tuesday and I received a replacement by UPS on the following Monday. That's very good service. It does, however, increase my suspicion about the offer of two 16 gb because the 32 gb cards were ""out of stock."" If they were out of stock, they sure got ""in stock"" in a big hurry. In any event, I've upped my rating to two stars.",2.0,0
This little memory card is quite fast and it gives me a ton of expansion storage on my Galaxy S3. File transfers from the phone's internal storage or over a USB connection to my PC from the card when it it's in my phone are a lot faster than I anticipated. The included adapter for using the microcard in a PC SIM Card Slot doesn't work. I've tried reading the microcard using the full size SIM  adapter in three different PC's and had  no luck at all. I think the adapter is just junk.,3.0,1
"I use this with my Samsung Galaxy Player 4.2. Never had any issues, product works as described. I've been using it for almost a year and have almost used up all the space on it. I've never used the adapter with anything so I can't comment on that.",5.0,2
Its just an SD card. works as good as any other. I don't know what else to say about it.,4.0,2
"Gave it 4 stars because I don't know if the problem is the card or the phone.  I have an intermittant problem where the phone stops recognizing it.  But it's fast, and holds a lot.  I would recommend it.Update:  Had intermittant issues with my phone (galaxy s3).  Finally gave up the ghost completely, computer won't recognize it at all.  I don't think I had any important data on it.  I would take it up with SanDisk, as another reviewer indicated that they replaced his over issues in his phone, but my computer can't even recognize it to wipe it so I'm not sending it anywhere.",3.0,1
"It's a Micro SD card, it's 128 GB (which is amazing), and that's just about all I can say...  I do wish it was faster, because I've put 20-40GB virtual machine files on it and it took quite a while for them to copy.  I guess I'm used to SSD speeds.  But anyway, it adds a much-needed additional storage to my tablet.",5.0,2
"Purchased for use with a smartphone.  Works flawlessly, has given me much more space than I think I can use - but we'll see.  That's what I always say at the beginning.  It works without me noticing it is there so to me that is what I pay for.  I think this was a great price and I'm pleased with the purchase.",5.0,2
"I find this card seems to frequently stop working altogether and have to be reformatted, or simply re-seated. It's hard to know if this is the fault of the device I use it in (a cellphone), or the card itself, so I can't really hold that against it, but all I can say is that's been my experience with this card, and not others.",3.0,1
"It is exactly what it is advertised to be. Shipped fast, and I love the converter that comes with it so I can plug it into my computer.",4.0,2
Easy to use.non stick and bulit well.would buy again no question.hope it last longer than the last.only issue is it's longevity.Last one lasted less than 3 years.for that price it should last longer,4.0,2
"Monday, November 26, 2012I put this in the Galaxy S3 without formatting, restarted the phone and it showed 59.4g GB of space.  I transferred all the files from the old 16 GB card and then moved all my music to the card with the phone connected to my computer by the USB cord.  Still lots of space left and the various music players seem to see all the music.Tuesday, November 27, 2012The card didn't show up on the phone this afternoon.  No message, just no songs to play and no card according to everything I could check on the phone.  I restarted the phone and got a notification that the SD card was corrupt, needed formatting and that I would loose all data on the card.  I restarted the phone again, without formatting, and the card came up like it had never been missing.  I am writing this on Thursday, 11/29 and I have not had another issue with the card.December 6Well, I don't know what to think.  The card disappeared again and I reformatted it FAT32 in an attempt to fix the problem.  The whole point of getting this large card was to have my music on my phone and not have to stream it from the cloud.  I tried several music players and went with PowerAmp because of the good reviews and that I could specify the folder to play from.  So PowerAmp is looking for the folder /mnt/extSdCard/Music and playing the songs in all the subfolders.  It is PowerAmp that tells me that folder is not available.The card has gone missing one other time and restarting the phone fixed the problem.Today, PowerAmp would not play and when I got home I found the Music folder was gone.  I also had Ringtones folder and it was also gone.  Now, I may not be the sharpest saw in the shed, but I know I did not delete those folders.  The card had other folders but not those two so it had not been reformatted.I am starting to think the problem is with the Galaxy S3.  I had a 16 GB FAT32 card in this phone that had been in my previous HTC phone.  That card was not large enough to held my music so I don't know if it was disappearing or not.  I wish this combination of phone and 64GB card was more reliable but just don't know where the problem lies.I lowered the stars from 4 to 3 but I really don't know if the problem is with the card, the phone or both.  All I know is that they do not seem to be playing well together.December 7There was a notification on the phone this morning that the SD card was corrupted and needed to be formatted.  I restarted the phone several times and got the notification each time.  I reformatted the SD card using the phone, a step I don't think I have tried yet.December 8Another MINOR problem I have is that the message counter gets stuck on 1 when I have no new messages.  The only fix I have found is to restart the phone.  That happened this morning and I got the corrupted card message again, but restarted again and the card came up OK.December 11So, the files on the card keep disappearing.  The card is mounted and the phone shows the correct free memory but PowerAmp, and file directory programs do not see any files on the card.  I restart the phone and the files come back.  Very strange.  I played music on and off all day today without a problem and then this evening all the files disappeared again. Restarted the phone and all is well again.December 15My phone upgraded to 4.1.1 yesterday and the same issues remain.  It is a crap shoot as to if music will play.  I take a lot of photos and use the service Zenfolio to store and display them.  I have an app that syncs with Zenfolio and keeps a phone size version of the photos on my phone.  I set this app to store the photos on the Samsung SD card and have similar issues with it when the data on the phone goes away.  This morning the SD card came up as corrupt again after a restart to get the data back.  It took a total of 3 restarts to get the music and photos back.December 18I have been trying to play music stored on this card today and my phone has reset several times.  Very frustrating.  I ordered a SanDisk 32 GB Mobile microSDHC Flash Memory Card SDSDQ-032G-AFFP today for about $25.00 and I'll see if I have the same issues.  Very disappointing.December 28I purchased and installed theSanDisk 32 GB Mobile microSDHC Flash Memory Card SDSDQ-032G-AFFPand copied all the files from the 64GB card to the new 32GB card.  No formatting, no fuss, no muss.  I have not had a phone reset since, have played music through Bluetooth for hours in the car, have viewed photos.  Everything just works.  Half the memory but what I have is always available and the phone works, a good trade off.  I am still disappointed that the 64GB did not work with the SG3.  I have purchased aelago Mobile Nano II USB 2.0 microSDHC Flash Memory Card Reader (Black)to use the 64GB MicroSDHC card as a thumb drive.",2.0,0
I have nothing to use this device with. I ordered by mistake. I'm sure it's a great product but not for me.,2.0,0
"These cards worked flawlessly with the GoPro Hero 3+. Instead of opting for the bigger card, I got two smaller cards to start with. That way I could transfer data to my laptop while still using the other card. If you're wanting to do an un-assisted, large record, like a time-lapse, or something, opting for the bigger card is smart, but for my usage being able to swap back and forth was invaluable.So far, no hiccups or problems, even with the faster, more beefy shooting settings.",4.0,2
Worked for awhile and then android would blow chunks (unexpectedly removed).  Windows sometimes could not read them and just blew up explorer.  Formated FAT32 .... ect ect ect over and over.  I'm done with SanDisk.  I think the problem is the CLASS 10 part of these cards.  All other cards I have work fine and they are less than class 10.  Maybe this was a bad batch because my replacement card a few days later (from Amazon) did the same thing again.EDIT: Decided to pick up the card that was laying on my counter for the last 3 months and give things another try.  Still does not work in HTC Evo LTE or EVO 3D.  Finally got it working in Galaxy S3.  Still very frustrating.,3.0,1
"Great speed, great capacity, great price, and fits great in my HTC Evo Design 4G Android phone. I recomend it.",5.0,2
I am only giving this product 3 stars becuse I purchased this one as a replacement for a SanDisk micro SD card that kept having problems with.  I finally got tired of losing my data and ponied up the $20 odd dollars to just replace the darn thing.,3.0,1
"Pro:  &#9642;PriceCons:  &#9642;intially began to get card read errors on Samsung Note.  Right at 6 months it fails, lossing all my data.  Pictures, videos, documents, ect...  all gone.I shouldn't have cheaped out, I should have bought the samsung card.",1.0,0
"It works but the actual R/W speeds are 18/8 MB/s, not even Class 10. It should be marketed as ""Sandisk Basic"", not Sandisk Ultra"", unless they mean ultra slow. Now is 2014 and there is no excuse for such slow card from Sandisk.*** UPDATE ***I have redone the test with NotePro 12.2"" instead of using non UHS-I PC and the latest results are 32/8.6MB/s. Since the read speed hits 30, I believe the device is DHS-I ready. Still underwhelmed by the write speed though.",2.0,0
What can I say about this memory card other than that it worked when in my phone after the old one caused all manner of problems. It does the job it's supposed to.,5.0,2
"Still don't feel is very fast or is just my phone, I guess I will need to remove it and run some R/W tests. Still Its ok.",3.0,1
"I wanted to believe that those people who wrote bad reviews on memory cards were just unlucky. Well it sucks being one of them. I cannot get this card to format not matter what device, software or technique I use. The mistake I made was that I didn't use the card right away to see if it was good -I thought, its a memory card, what could go wrong. Now I'm out of the US and returning it is not economically sensible. I don't know if it's quality control, but this card simply cannot work in any reader, device, with or without adapter (write protection off on the reader of course). The card shows up on devices, may even show data being copied then when you refresh, nothing has happened. All formatting software says it's write protected and nothing I do can remove it. Why would a new card come write protected anyway?  Very disappointing, especially since I lost data from my phone.",1.0,0
I bought this to change my nook to android and boot off it. It's fast and reliable for daily use.,5.0,2
I bought this memory card to replace a 4gb memory card in a ZTE valey phoneand it works great.,5.0,2
"I bought this a little under a year ago to use with my laptop. Worked just as advertised for much of that time until it stopped letting me write or delete stuff from it (could read just fine). I couldn't even format it. So it kinda just sat there for a while. After trying to format it a number of different ways, I finally contacted sandisk, and they said they will send me a replacement free of charge. I would have maybe given this a lower rating, but the customer service from sandisk made up for the faulty card. I am just glad it fell under a warranty period (I think). Had the card not failed, I would have given five stars. If sandisk wouldn't replace it, would have given one star. Hopefully the latter doesn't happen to you",3.0,1
Um nothing much to really say about it . The adapter for it works but I gave it 3 stars because it goes in n out sometimes,3.0,1
"The item arrive in time, but was unfortunately defective as it would not accept a copy operation. Further investigation led to discovering the card had bad sectors. Refund is progressing without a hitch however, so not all was lost.",2.0,0
As advertised this guy holds some serious stuff in its innards. Solves my issues and is quite speedy. Would suggest.,5.0,2
"I've requested a replacement, so I'll update this review after I receive a replacement.  But the first card I got, it could be read, but every time I put it into the computer, it said there were errors with it.  It couldn't repair the errors.  I couldn't even format it using a command prompt to try and get it to work.  I could create folders on the card, but not put anything into them or onto the card other than folders.  I tried many many things and nothing worked.  I know SanDisk makes decent products, so I will change the review later.",1.0,0
Worked once I was able to find a system to format it.Second card from SanDisk that was sent to me unformatted.They need to get their act together...,2.0,0
"This card is fast! And cheap!  I used it on my Canon S100 Camera to shoot raw format pictures and 1080 video and it worked flawlessly.  I'm currently using it on my old Mytouch phone for storage.Great product, great price.",4.0,2
It stores data and does a good job at it. What else can you say about something that has become so common place in today's world?,3.0,1
"Reliable and inexpensive. However, it's quite slow, far, far slower than the 64GB samsung pro microsdxc. The Samsung works well for interactive use while I would only use this Sandisk card for applications where speed isn't important.",3.0,1
"It is exactly what it is advertised to be. Shipped fast, and I love the converter that comes with it so I can plug it into my computer.",4.0,2
"I am using it my camera instead But if you want it on a sum sung, this isn't the one to buy.",3.0,1
"Have only transfered some pictures and music so far. My S3  Galazy had no problems recognizing the card...hear a lot of rumors about memory cards not working, having to format first, etc., but this one worked from me right out of the box.The included Adapter is also good when I want to use with my computer(s) for slide shows since MicroSDHC are not supported by many if any..just to small.",3.0,1
The card was good.  Haven't had a problem with it yet.  Good price.  Fit the product I bought it for.,3.0,1
I got this for my 3 year old's Nabi. I can put tons of movies and tv shows on this thing and keep her entertained for hours. For the price it's hard to beat.,5.0,2
"I was using mine in a GoPro Hero 3.  The card just broke for no reason.  There is controversy weather its the GoPro or SanDisk, but after doing some Google research it seems that its more of SanDisk's fault as these SD cards also fail (or used to) in varies Samsung devices (phones / tablets).  Amazon sent me a replacement, so no harm done, but for the money you would expect something top notch.GoPro users (on the support forums) recommend getting 2x32GB SD cards, which have not had any issues as far as anyone knows.  The worst part is losing important content, I was lucky, I copied my movies from the SD card onto a HD on my PC.  Others not so lucky.",1.0,0
my slr has sd cards that take time for the next click thought this would solve the problem as it says its faster and a way better product but i don't see that happening.,3.0,1
"It may be that the internal SD slot of the 2012 Mac Book Air is not too fast perhaps?  I am very disappointed that I can only achieve 4-9 MB/s of write/read speed.  Makes me remember speeds of 5 years ago.  Again, this may be the computer's fault, but I am not too happy...",3.0,1
It writes according to SanDisk app test only with the speed of 16mb/second. I have expected a little more than that.,3.0,1
I am having some trouble with it in my cell phone (Motorola Triumph)  Music player has not been reliable since I loaded songs on it.  Not sure if it is the card or my phone and it is not a consistent problem.  I need to try it on a few other devices.,3.0,1
"forget loading this into your cart.  a one day pause and this junk went up 16.99, in ONE DAY.  I don't give money to aXXholes.",1.0,0
"Thank God for amazon return policy or I would be incensed.  This little platic device from hell died unexpectedly after 37 days.  I lost all my phone pictures that were not stored on the phone.  I lost the music but have most on PC.  I lost the videos I had from concerts.What happened was the phone gave me a warning that the storage device (Sandisk Ultra) could not be found.  I took it out and restarted my Galaxy Note 2 and it worked.  then about one hour later I got the same warning.  I tried to save my data with MY Backup Pro App (I had to purchase an extra 3 GBs of data for cloud because the App comes with only 75 MB or something like that and so I backed up everything on the Sandisk Storage).  And as it was backing everything on line  using the Backup Pro Cloud, the Sandisk fried and stopped the backup process.  I was prompted to format the storage disc but everytime I performed this process, the phone would not complete the format.  Now keep in mind that I was not near a computer because I was on vacation so I could not use a computer to format in Fat32.I am returning this disc and purchasing a Samsung 32 GB that costs over 50 bucks.  You get what you pay for.",1.0,0
"Worked fine for a month and then after about a month, the phone didn't see the card any more. Tried to read it on several PC's and none of them detected the card. Unfortunately it hadn't been backed up so all pictures and videos take on the phone are now gone.",1.0,0
"Worked great in my galaxy s4--until it didn't work at all for some unknown reason. Used it for about 4 months before it crapped out. BACK UP YOUR DATA WITH ALL THESE THINGS, THOUGH....",3.0,1
"I purchased this card (the 64GB version) to use in a Samsung Galaxy S2 phone. It worked perfectly for almost three months, at which point it just stopped mounting. The phone detects a card, but is incapable of formatting it. It's even worse on my computer, which does not even detect the card anymore (and yes, I'm using an SDXC-compatible USB reader).I contacted SanDisk for an RMA and they will probably replace it, although the replacement process is needlessly slow and painful.I had bought this card based on the glowing reviews, but I'm going to stay away from SanDisk products from now on.",1.0,0
I can't read or write anything on this card on my PC or my GS3. I am pretty sure that I got a dud.,1.0,0
"There is a known issue with a batch of these cards where they can completely die.  This is known defect (affecting a lot of Galaxy S3 and Note users), so if your card dies, either exchange through Amazon or contact SanDisk for a replacement.  Newer cards are supposedly fixed, but you might want to back up your data just in case.  Mine were purchased in November 2012 and both have now failed in separate phones, unreadable by PCs or phones.",3.0,1
The card arrived promptly and has worked flawlessly in a dashcam. Would recommend purchase to others if they need this kind of card.,5.0,2
"If, like me, you are still happily in the Stone Age with Windows XP, your computer will not be able to use this card unless you install Windows Update KB955704.  This update is available from Microsoft.com.Thanks to dOGG94, who pointed this out in Customer Questions and Answers on August 6, 2013.  I installed this update and am now able to load GoPro's pictures onto my computer. dOGG94's answer to the customer question provides the link to the update.  Amazon did not allow me to post the link here.  I don't know why.  Just go to the Microsoft.com updates site and look for KB955704.  Or go to the indicated question for the link.The product description should have provided this information.",5.0,2
"Fortunately I got this as a lightning deal, so it wasn't that expensive.  I purchased it in October, but didn't start using it on my Samsung Galaxy S3 until January.  It was fine, until it wasn't.  It chose to die today.  Just a little more than four months after I started using it.  I checked my phone this morning and it told me that the SD card had been unmounted.  I did not think much of it.  But when I rebooted my phone and was still unable to find the card, I began to be concerned.  When I got home from work, I put a different card in, and it worked fine.  I tried to check the card on my computer, and it couldn't be seen.  So the problem is definitely a card.  Unfortunately, I lost most of the pictures I've taken since getting this phone.  I know that I probably should have backed them up, but I really didn't expect the card to fail so quickly.  Perhaps if I'd read all of the one start posts before buying, I would have.  Oh well, back to my 16GB Amazon Class 10 card until I can get a different one.I'm not even going to bother with a warranty claim.  I don't need another card that will fail after four months.",1.0,0
"I owned one of these for a year before it lost its ability to write to itself. This was very disappointing, but not a deal breaker for me because San Disk products are usually built to last. I believe I just received a bad one from the batch that mine came from.",3.0,1
Sandisk quality has failed me. Moving on to another brand. I've had three of these memory cards fail on me in very short order.,2.0,0
"I installed this on my Galaxy Note 2 and it crashed after one month. Lost all my pictures on the card. Had it not been for Google Plus instant upload and redundant backup to Dropbox all of the pictures would have been lost. I think I should get a refund but I did not keep the original packaging. I would not buy this, but if you do keep the packaging so you can return it. If you read most of the reviews you will see that a lot of people have had trouble with this card crashing. I don't think Amazon should offer it as it hurts their overall customer satisfaction.",1.0,0
"These have issues with gopro, do not use. The transfer speed is inaccurate, and gopro has even admitted it doesn't support this.",1.0,0
"Reliable and inexpensive. However, it's quite slow, far, far slower than the 64GB samsung pro microsdxc. The Samsung works well for interactive use while I would only use this Sandisk card for applications where speed isn't important.",3.0,1
"I purchased a 64Gb Samsung SD card to expand the memory of the phone.However, I frequently get a message that the card has been removed or is recovering.Sometimes the problem clears itself, other times I have to reboot the phone.It also says ""MTP application will restart to prepare SD Card"". It then starts listing the restarting/recovering SD card.I eventually replaced it with a Sandisk 16gb microsd ""HD"" card from Walmart and it is operating fine.I have been reading a lot about people having issues with the 64gb sandisk cards and the Galaxy S4.I wish I had done more research before wasting $50 on what I thought was a good buy!",1.0,0
"I purchased this card on a daily lighting deal for my new Samsung Galaxy Note II. It was recognized without issues. I connected it with its adapter to my computer's card reader to transfer about 3Gb of data and the best consistent transfer rate (average) was roughly 13Mbps... That's less than %50 of the advertised transfer rate.To be fair, I've used the same external card reader with my Sony HX100 digital camera with an SD card (16Gb class 10) and I get double the transfer rate of what I've gotten for this card.Here is the setup:1- SD Adapter included with this card.2- External 12-in-1 USB 2.0 card reader connected to a USB 2.0 port on my PC3- Files transferred were of varying sizes.4- Transferred from 2TB Seagate X2 SATA3 HDD (connected to SATA2 port)5- Windows 8 Enterprise x64 (oh yah baby)The only excuse I give this card for its bad performance is the files were relatively small sizes but some of them were as large as 50Mb... This still does not justify the very low transfer rate.I am not really picky because this card will reside inside my super phone but still it does not justify the money paid for this card.I hope this will help others.",3.0,1
"than i expected. I don't know if it would kill any manufacturers to actually have a memory card or stick or device to actually HAVE Available the advertised capacity. Fortunately l learned that the advertised and actual available memory are TWO SEPARATE THINGS before i bought it, always scroll down and read the technical spec of a device or anything before you buy as that way ideally, your actually informed. Let the buyer beware, is more appropriate every day as most things are not exactly as they seem. And if it's food and cheap, it's likely cancer causing and don't feed your body and your car in the same place.",3.0,1
"I think this is probably a fine product, but it wasn't compatible with my Samsung Galaxy S3 phone. Formatted as exFAT (as it came from the factory), didn't work at all, but that's a known problem with the GS3. But even after reformatting to FAT32, the card caused my phone to reboot multiple times.",3.0,1
"Its going back because it doesn't meet spec.Tested with  H2TestW, write speed is only 9.69 MB/s. Read speed is good at 18.80 MB/s. (although Sandisk claims up to 30MB/s)Meanwhile, a class (10) 32GB Transcend SD card I have writes at 15.30 and reads at 18.20.I also have a few class (6) 4GB Sandisk microSD cards writing at 15.40 and 15.50. Reading speed is 18.40 and 18.30.I also have a class (4) Kingston card that beats this class 10 Sandisk.",2.0,0
I really don't know what to think about this I got it thinking it would solve my memory problems but that's not the case turns out you can only put certain things on this and of course none of the thingsthat are eating up your memory on.your will go there is a way to swap your internal memory for your external card but it's not easy and you have to root  your phone,3.0,1
"I bought this about 5 months ago, give or take. I needed if for my Galaxy S3. It works perfect.",5.0,2
"Gets the job done for my GoPro so that's good. I just never liked how small the actual card is due to its nature of it might just get lost...then that's game over. The price was amazing, so I got two for the price of half of one.",3.0,1
thanks a lot sandisk good job works with adapter on nikon d800 flawless. non stop 20 min hd 1080p recording,5.0,2
I use this with a 1080p video camera and it performs very well.  It doesn't have any issue keeping up and the transfer rates when interfacing with a computer are high.,5.0,2
"I don't get too worked up about memory cards, usually try to buy at least class 10. I am sure this is a fine card, just the one I purchased was defective.  Replaced it with another brand, not wanting to try twice.",3.0,1
"Thank God for amazon return policy or I would be incensed.  This little platic device from hell died unexpectedly after 37 days.  I lost all my phone pictures that were not stored on the phone.  I lost the music but have most on PC.  I lost the videos I had from concerts.What happened was the phone gave me a warning that the storage device (Sandisk Ultra) could not be found.  I took it out and restarted my Galaxy Note 2 and it worked.  then about one hour later I got the same warning.  I tried to save my data with MY Backup Pro App (I had to purchase an extra 3 GBs of data for cloud because the App comes with only 75 MB or something like that and so I backed up everything on the Sandisk Storage).  And as it was backing everything on line  using the Backup Pro Cloud, the Sandisk fried and stopped the backup process.  I was prompted to format the storage disc but everytime I performed this process, the phone would not complete the format.  Now keep in mind that I was not near a computer because I was on vacation so I could not use a computer to format in Fat32.I am returning this disc and purchasing a Samsung 32 GB that costs over 50 bucks.  You get what you pay for.",1.0,0
I got a Samsung Galaxy Tab 7 2 and I got this to increase memory. I had hoped to transfer files from my MacBook but it will not recognize the memory card. I need to go to the Apple Genius bar to see if they can figure it out.,3.0,1
"It's good, I liked it, works perfectly with my Minidrive, but it's kind of slow, sometimes it doesn't reach the promised 10MB/s.",4.0,2
"I was given this card in October to add to my new Samsung Galaxy S3. I was thrilled I copied a ton of music onto the card and used my phone as my mobile Ipod substitute, leaving my Ipod Classic on my desktop in its speaker system cradle.Everything worked fine until a couple of weeks ago. I started getting messages that seemed to say that I had removed and inserted the memory card. Of course, I hadn't touched it. Then a few days ago the phone told me that the card contained unsupported files and that I needed to reformat it. Well, I tried reformatting. After that, nothing. Nothing at all. I pulled the memory card, reset the phone. Reinserted the card. Nothing. I tried the card in the adapter on 3 computers. It wasn't even visible.I called Sandisk tech support. It didn't take terribly long to convince them that I had a problem. But they quickly offered me two 16 gb cards as a replacement. I literally laughed at them. I got the disturbing sense that this is something that they are required to try. If so, that's a lousy business practice. After bouncing me around a few time, they agreed to send me an RMA and a shipping label. I duly sent the card off a couple of days ago. To be frank, I have no idea at all when I might receive a replacement.If I weren't already in the grips of Sandisk, I would buy another card. The fact that 10% of the comments here are negative is an indication of a real quality control problem. A 10% fail rate is simply unacceptable for a product such as this.Update: Well, I do have to give Sandisk credit for customer support. I returned the card using the supplied UPS label on a Tuesday and I received a replacement by UPS on the following Monday. That's very good service. It does, however, increase my suspicion about the offer of two 16 gb because the 32 gb cards were ""out of stock."" If they were out of stock, they sure got ""in stock"" in a big hurry. In any event, I've upped my rating to two stars.",2.0,0
I got this to upgrade my tablet to 40GB with the micro SD card. The tablet is a Ainol AX1 with 8GB of storage. I thought i needed more storage for movies. Seems to work just fine.,5.0,2
"I bought this a little under a year ago to use with my laptop. Worked just as advertised for much of that time until it stopped letting me write or delete stuff from it (could read just fine). I couldn't even format it. So it kinda just sat there for a while. After trying to format it a number of different ways, I finally contacted sandisk, and they said they will send me a replacement free of charge. I would have maybe given this a lower rating, but the customer service from sandisk made up for the faulty card. I am just glad it fell under a warranty period (I think). Had the card not failed, I would have given five stars. If sandisk wouldn't replace it, would have given one star. Hopefully the latter doesn't happen to you",3.0,1
Works exactly like it is supposed to. I can't wait however for a 128 GB card to come out and blow this out of the water.,5.0,2
"I have been using this memory card for several months now and it is working great. It is wonderful to have a huge selection of eBooks, mp3 files, movies and plenty of space for phone generated photos and video clips.I have not noticed any delay in accessing files on this huge memory card.8/14/13 update - Also Worked out of the box in my Samsung Galaxy Note 10.1 .",5.0,2
I bought this card for my Samsung Galaxy S3.  Unfortunately it failed after 4 months.  I contacted SanDisk and they promptly sent me another.  It has been going strong for 6 months.,3.0,1
my slr has sd cards that take time for the next click thought this would solve the problem as it says its faster and a way better product but i don't see that happening.,3.0,1
This memory card has been working flawlessly. Prices have been dropping nicely. Amazing the storage capacity in something so small.,5.0,2
"failed in one month.  Sandisk very promptly replaced, great customer service, and the new card seems to work ok.  I have read that there are some problems with the galaxy s3 so it may not have been the memory module's fault it failed.",3.0,1
I purchased this product a few months back as a replacement for another 32GB Sandisk memory card that wasn't even a year old that ceased to work. After using this memory card for a few months I started having the same problem where the card randomly stops working or is not even recognized by my Galaxy S3 phone. I tried plugging it into my computer with the provided adapter and it seldom gets recognized. This card is not worth the money for it will not last. Buy PNY or any other brand. Sandisk has lost a customer.03/12/2013 - Amazon.com rocks! They refunded the full amount of the purchase! Kudos to them!,3.0,1
Bought this to add memory to my phone.  No problems installing and it works great.  Don't know if I could ask for anything more.,5.0,2
"What else can I say... this SanDisk 32 GB class 10 works like a charm in my Galaxy SII i9100 (unlocked). If you're upgrading from an old smaller microSD card, I did this:1. Create a .img file of the old microSD with HDD Raw Copy Tool (freeware)2. Recover the saved .img file in the new microSD card with HDD Raw Copy Tool* Since the old microSD had only 8 GB, the new microSD card will have only 8 GB D:3. Install Minitool Partition wizard (freeware) and choose the new microSD.4. Choose the Move/Resize option.5. Drag the space to the full size of the new microSD card6. Don't forget to Apply7. Put the microSD in your phone and there you go all your stuff and apps saved to the microSD working.",5.0,2
"buy this one. it was inserted in my galaxy note 2, and also my asus transformer infinity. i bought 2 of these cards. i will buy it again if i need to. its easy to install, just pop it in and your device reads it. it's that simple!",5.0,2
"I really want to like these and I do trust SanDisk more than other manufacturers of memory cards. That said, I'm moving on to my 3rd card. Thank you Amazon for having exceptional customer service, or else I'd be very upset.Basically this card will suddenly not allow writing to it anymore. You can't save files to it, you can't delete files from it and you can't event format it. I've tried doing all three in different OS'es and devices with no luck. Doing some reading on the SanDisk forums this seems to be happening a lot with these cards.I'm returning this to Amazon and trying my luck with a different brand to see what happens.",1.0,0
"If your card gets hot enough to be painful, it is defective and you need to contact SanDisk!From my experience, the larger micro SDs run hot on format and writing, but not to the pain threshold!I purchased one of these cards to use in a camera and Android tablet.  Great read speed but write speed was okay.  Used card for about two weeks and then all my files disappeared!  Tried to format the card and three different computers with XP, Windows, and Linux couldn't format it.  The camera and tablet couldn't format it.  I RMA'd it and got another because SanDisk is a good brand.  I did notice that when formatting or writing the card it got hot, very hot.Second card didn't last 24 hours and had the exact same symptoms as the first card.  Write a file or format it resulted in the card getting hot enough to reach the pain threshold.  I called up SanDisk and while explaining this was the second card I'd received with the exact same symptoms, when I mentioned it getting hot, they immediately issued me an RMA.  They said they were told to issue an RMA the moment they heard a card ran hot.Smaller SanDisk micro SD's or regular SD's I have or use don't do this.  I think SanDisk has an issue with this card.The last 4 digits of the part number refer to the date code and origin of the card.  Both cards had different date and origin codes.",1.0,0
"I bought two of these from a major electronics retailer to make sure I don't get a bootleg one and they both crapped out on me. I usually buy from amazon but I needed them rig away . So unless that company has bought a large batch of bootleg cards or maybe I'm retarded. I bought them from the same store but different locations. I have switched brands now. Not taking anymore chances just in case a flood of bootleg ones hit the retail chains too. It worked fine at first but as the card filled up both times, both times they died and my pc or phone couldn't reformat it or recognize it. Good luck if you buy this major name brand, I thought they were the best too but not for me I guess.",1.0,0
"I got to of these cards:-  One in a Samsung Galaxy S3 => No problem so far.- One in my Asus tablet => No problem so far.Plenty of space, fast, format without a glitch. I will keep buying this product as needed until better comes on the market.",5.0,2
seems to work good in my gopro  have only had it a few days and if i have problems with it in coming months i will update this.. for not.. it works...,3.0,1
Took out my old card a black one from Kingston HC and replaced it with this Ultra one. When transferring files you can see the difference in speed. About 60% faster transfer rate than the Kingston.,5.0,2
"Like many here, mine failed and I lost my data (but being smart, I had a backup).  After further investigation, I found this product is NOT compatible with Android and a number of devices (cameras, phones, gps unit).  Windows seems to love it though.  Wish I had a windows device that could use 32G... my only one uses a whopping 100k at best.  What a Waste.UPDATE: Reformated is as FAT32 and works ok in my android devices and my Sony camera for about 3 months now.  Still, I keep a hot quick backup (OTA) every day to my desktop computer... I'll just say I'm not 100% confident in it yet.",3.0,1
"Pro:  &#9642;PriceCons:  &#9642;intially began to get card read errors on Samsung Note.  Right at 6 months it fails, lossing all my data.  Pictures, videos, documents, ect...  all gone.I shouldn't have cheaped out, I should have bought the samsung card.",1.0,0
"Great little card.  The only problem I have experienced may not even be related to the card, but Android OS itself.  I experience buffering/'hiccups'/pauses when watching a video if I also have my utorrent client in the background downloading.  I am not sure if this is limited to the card itself and possibly a faster write speed is needed, or it's the fault of the phone's OS.  However, I am confident that it's operating within spec.Card looks good too.. too bad it's in the case of my phone never to be seen.",3.0,1
Yee so this is the maximum space allowed in the gopros to my knowledge. The older versions like the Hero 3 are the larger SD cards but now the micro SD cards are allowed. Great price and great quality for those HD pictures and movies. Get it.,5.0,2
"does as promised, neat frustration free packaging, didn't run any speed checks but believe in SanDisk quality which is unmatched",5.0,2
"Whether I'm on vacation or just taking photos and videos around the house I don't trust any other memory cards to keep all my memories.  I bought this card mainly for my Contour ROAM 2 Helmet Cam, but I've been using SanDisk Compact Flash Cards in my Canon DSLR and SanDisk SD Cards in my Panasonic HMC40 video camera and I've never had a single problem.  They don't fail, I've never had a file corrupted, they've survived x rays at the airport and extreme weather conditions.  Sometimes I'm tempted with the prices of other memory cards but in the end I go with the SanDisk for that warm and fuzzy feeling of knowing all my photos and videos will be perfectly safe.",5.0,2
"I bought this card excited to expand the 16GB of storage that come with the phone.  However, this card had issues mounting when I would start the phone.  After some research, it looks like SanDisk had a large batch of bad cards.  If formatted as FAT32 the issue rarely occurred.  But when formatted as exFAT, like is ideal for mobile devices, it would happen every time the phone was reset.  Take caution with these cards.  The bad batch should be over, I have read, but if looking to use in a Samsung phone, maybe considering buying a different type of card, as this is the only brand I have seen with issues.  Other than that, it is a good card with great size.",3.0,1
"The product is OK, but my card does not acheive the rated write speed of 10 MB/sec.  Most applications probably don't need to hit 10 MB/sec, but my GoPro Hero 3 does need the full bandwidth and thus would bomb on me sometimes.  As tested, my card got between 8-10 MB/sec using the larger block sizes.  I complained to Sandisk about it and they allowed me to send it in for a replacement which I did (and took almost 2 weeks), but the replacement behaved the same way.  I would say this card is OK for most applications, but if you need top end speed, I would go with another card.  I bought my card in May 2013 and had it replaced in August 2013 so hopefully they have fixed this problem by now.",2.0,0
Fungible micro SD card that works as expected.  Now for filler text to get past the idiotic word count minimum.,4.0,2
This card is very responsive and never encountered a single issue. Works great in very cold or hot weather! I am using it when skiing and it is often exposed to very cold weather. I have stored so far few hundred hours of video over multiple events and not a glitch. Would buy again for sure.,5.0,2
Does exactly what it's designed to do.  I'm looking forward to transferring it from the phone to my new camera on an as-needed basis.,5.0,2
I like things that work and I like things that work the way they're sold to me and when they do I give it a great review so trust me when I say this works and you won't find a faster SD card out there.,5.0,2
"I do not get the advertised speed of 30MB/s, more like a 200-300KB/s on my Galaxy S4. At least it gives me a lot of extra storage space, for a phone it works nicely if you don't need to transfer big files.",3.0,1
AS ADVERTISED. 64GB HIGH TRANSFER SPEEDS AND oh yeah ANDROID FTW 9 8 7 6 5 4 3 2 1,5.0,2
Needed a memory card for my phone (Samsung Galaxy III) and this works fine for it.  No problems at all.,5.0,2
"Great little card.  The only problem I have experienced may not even be related to the card, but Android OS itself.  I experience buffering/'hiccups'/pauses when watching a video if I also have my utorrent client in the background downloading.  I am not sure if this is limited to the card itself and possibly a faster write speed is needed, or it's the fault of the phone's OS.  However, I am confident that it's operating within spec.Card looks good too.. too bad it's in the case of my phone never to be seen.",3.0,1
"I had this Sandisk 32Gb Class 10 micro SDHC card in a Pittasoft Blackvue DR500GW-HD in-car camera DVR. It worked like a champ for 2 months and then died with the dreaded ""Please format the SD card"" errors. Stuck it in my Mac Mini (2011) and it is unrecognizable. Same with Windows PC. Even the low level HP SD card formatter cannot reformat it. So in the garbage it goes. I have 2 more of these cards in my Garmin GPS devices and they continue to work (so far) but they are not being written to continually every day like the Blackvue. So a word of advice; if you need to write to these cards often - buy something else.",1.0,0
Quickly went bad. I used it for maybe 2 weeks. Better keep your receipt. Too bad i didn't.Bad deal. period.,3.0,1
"I bought two of these 128 gb MicroSD cards which I formatted to Fat32, and I currently have about 62 gb in 35,000 files on each card.  I carry one card in my wallet and keep one in a safe deposit off-site.  I've been through the SanDisk literature looking to see if there are any restrictions on their use, other than as ordinary &#34;flash memory&#34; for file storage.  There are no restrictions I could find.  What I have found is that these 128 gb cards (and a SanDisk 64 gb card I bought previously) cannot accept 62 gb of data written from a computer without suffering errors.  I've had to resort to copying no more than 1/3 gb of data at a time to these cards, stopping, then starting another 1/3 gb until the complete data is copied.  The errors actually occur early on, at approximately the 2 to 3 gb point.  I have several other 128 gb flash memory sticks - the Lexar Echo series, as well as a hundred other lower-capacity flash memory cards, and do not have this overflow/error problem with any of those.  To repeat, there are no restrictions on the use of these memory cards (example: can be used only in a camera) given by SanDisk, and given that the 62 gb of data on each card has been verified as to integrity, they are not defective.",3.0,1
I got a Samsung Galaxy Tab 7 2 and I got this to increase memory. I had hoped to transfer files from my MacBook but it will not recognize the memory card. I need to go to the Apple Genius bar to see if they can figure it out.,3.0,1
The only reason I give one star is that I cant give zero stars.Just lost all my files in the SD in my S3. I cant believe I trust my valuable information in this company. AVOID THIS ITEM. Dont recommend it.,1.0,0
"Thank God for amazon return policy or I would be incensed.  This little platic device from hell died unexpectedly after 37 days.  I lost all my phone pictures that were not stored on the phone.  I lost the music but have most on PC.  I lost the videos I had from concerts.What happened was the phone gave me a warning that the storage device (Sandisk Ultra) could not be found.  I took it out and restarted my Galaxy Note 2 and it worked.  then about one hour later I got the same warning.  I tried to save my data with MY Backup Pro App (I had to purchase an extra 3 GBs of data for cloud because the App comes with only 75 MB or something like that and so I backed up everything on the Sandisk Storage).  And as it was backing everything on line  using the Backup Pro Cloud, the Sandisk fried and stopped the backup process.  I was prompted to format the storage disc but everytime I performed this process, the phone would not complete the format.  Now keep in mind that I was not near a computer because I was on vacation so I could not use a computer to format in Fat32.I am returning this disc and purchasing a Samsung 32 GB that costs over 50 bucks.  You get what you pay for.",1.0,0
"I bought two of these at different times.  Both of them had the retail packaging with the Android on them and the model number matched the packaging.The first one was 32GB.  I tested this out with dd on my built-in SD card reader on my MBP and on a GFR204SD USB device and couldn't get more than 8 MB/s average write speed.  Would bounce up and down between 6 and 10.  The Class speed is supposed to be the minimum, not the maximum.  R/W off the HDD was above 20, so that wasn't the bottleneck. Neither is UHS compliant, but I should at least be able to get the Class 10 rating out of this.  Read @ 30 MB/s is pretty accurate.The second one (64GB) I tested by just watching Activity monitor to see if it was in the ballpark.  Bounced between 8 and 10 copying from a hard drive or a RAM disk.  Sounds like probably Class 10.  Read speed to RAM disk was about 24 MB/s.",3.0,1
"Sandisk seems to be the most reliable for me. Not only a good product, but good prices. Always good memory cards. Period.",5.0,2
"This thing definitely improved performance over the standard card. Transferring music, videos and pictures seem so much more seemless than they were before. Prior to this card, I had a 16GB standard microSD card that just felt like forever transferring data back and fourth from my phone. I recommend this to anyone who uploads a lot of music and videos onto their mobile devices! Transfer rates make up for the slightly higher cost!",5.0,2
"I bought it for a Samsung s3 and had continuous problems of messages saying it wasn't connected, etc.  Replaced it wit the equivalent Trascend and never had a problem for the past several months.  It would work on a PC with ana adapater and then failed to format in any device so I had to RMA given the lifetime guarantee.  A hassle.",2.0,0
Can't beat the price on this one. 64GB and SD card reader. I use this is in my go Pro 3+ works fantastic.,5.0,2
item i ordered was 64gb it listed it on the card but this was tested and at most was 1gb and very oldi would steer far away from sandisk sold online unless it is in original packagingI returned it for a full refund and reordered and oem 64gb card from samsung,1.0,0
"32GB worth of memory space, perfect if you love installing a variety of apps and it is useful when you need to store memory into your phone, camera, or tablet.",5.0,2
"We ordered these and used them in my Galaxy Note 2 and my wife's Razr M. After a few months we noticed that they would cause the phone to freeze up. The phones would start showing that it was mounting and unmounting the SD card early on but toward the end they just froze up the phone. Once we trashed the cards, the phones worked fine. We bought a different brand and no trouble since. I don't know why these red & gray ones have issues but stay away from them.",1.0,0
"I have purchased several Sandisk sd cards for its reliability and function. This is just one of the purchases and I will be ordering more. It works for my tablet, camera and computer. Love it !",5.0,2
"I bought this on black friday last year and took a chance on it. What chance u say? I read some reviews that this card just actually STOPPED working for no reason and not due to abuse or misuse. I had this card in my Acer Iconia A500 and it just STOPPED WORKING! Even my computer doesnt recognize it. WTF Sandisk?? This is an expensive part for this to occur. DO NOT BUY OR IF U DO, BE CAREFUL WHAT U STORE ON IT! I only had music and movies on mine so NBD. But what if u had this in your phone with valuable pictures?",1.0,0
"Super fast, keeps up with my camera speed.  I have purchased 3 total and love every single one.  Wouldn't buy any other card.",5.0,2
"Got the SDSDQU-064G-AFFP-A on December 28, 2012, died on May 20, 2013Could not write to it or change any data, no matter what device i used. Even after format (Full & Quick using disk manager & EaseUS Partition Master 9.1.1 Home Edition, connected in a device or adaptor or usb adaptor) when disconnected and reconnected no change. Dropbox saved my data luckily (Had it syncing using Dropsync Pro).Was using it with Samsung Galaxy Note 2 T889 for the whole time, never was removed.",1.0,0
"I ordered this memory card for my Drift Ghost-S action camera. I started getting errors and the camera was freezing and saying there was a storage problem. I assumed the camera was faulty and actually exchanged it for another camera. Same errors. I switched to a SanDisk Extreme card and never had problems again.If you're going to be recording HD video, especially at high frame rates then do not get this card. I'm sure it would be fine in any other scenario though, but it's advertised as a class 10/UHS 1 card and it's just not as fast as other class 10/UHS 1 cards.Drift Innovation (the company that makes the Ghost-S camera I use) has stated in multiple support tickets with me not to use any ""SanDisk Ultra cards"" because they do not perform fast enough for the camera and will result in slow card errors. They work ok until you try recording 1080p video at higher frame rates.",1.0,0
"I find this card seems to frequently stop working altogether and have to be reformatted, or simply re-seated. It's hard to know if this is the fault of the device I use it in (a cellphone), or the card itself, so I can't really hold that against it, but all I can say is that's been my experience with this card, and not others.",3.0,1
"My Droid Razr runs a little slow, is it because of this card?  I can't be sure.  What I am sure about is I put this card into my GoPro Hero 3 Black Edition and the video I record comes out choppy.  So I bought the SanDisk Extreme Pro 16GB version of this card, and the GoPro works fine now.  SanDisk is normally very good, so perhaps I somehow got a bad Ultra card.  I never returned or exchanged it because the warranty had expired before I tried it in my GoPro and knew for sure the card was slow.  The SanDisk Ultra should work in the GoPro Hero 3 according to the GoPro website, so again, perhaps I just got a subpar card...",3.0,1
"I ordered this in a frustration free for, I don't really know why, and to my surprise the package was already open.Amazon is trying to make my life so much easier that I won't even need to open anything anymore. /ironyMaybe someone messed with my card, maybe not, but I'm never ordering anything in frustration free package.I'll test the card and update the review.Update:After testing the card and contacting Sandisk about it, i'm able to confirm that the card is authentic.The 3 star review reflect the packaging. I might not use it next time.",3.0,1
"I have to assume that the brand new 64gb SanDisk Ultra Class 10 SDXC card is responsible for the occasional video recording stutter/pausing that has happened since I started using it today.  Prior to that, never had an issue with my previous SanDisk SDHC card.  But today on its maiden trip, it has led each video (only 3-5 minutes long each) to have several performance issues that by default I have to attribute to the card since nothing else has changed and I've never had an issue in the four months that I've had my Galaxy Note 2.  No problems formatting this card though or installing/using it otherwise.",2.0,0
"I have to assume that the brand new 64gb SanDisk Ultra Class 10 SDXC card is responsible for the occasional video recording stutter/pausing that has happened since I started using it today.  Prior to that, never had an issue with my previous SanDisk SDHC card.  But today on its maiden trip, it has led each video (only 3-5 minutes long each) to have several performance issues that by default I have to attribute to the card since nothing else has changed and I've never had an issue in the four months that I've had my Galaxy Note 2.  No problems formatting this card though or installing/using it otherwise.",2.0,0
"Got the SDSDQU-064G-AFFP-A on December 28, 2012, died on May 20, 2013Could not write to it or change any data, no matter what device i used. Even after format (Full & Quick using disk manager & EaseUS Partition Master 9.1.1 Home Edition, connected in a device or adaptor or usb adaptor) when disconnected and reconnected no change. Dropbox saved my data luckily (Had it syncing using Dropsync Pro).Was using it with Samsung Galaxy Note 2 T889 for the whole time, never was removed.",1.0,0
"I chose this item because of the speed of the memory and also because of the SanDisk brand and I wasn't disappointed.  The memory works fine in my Motorola Razor-M cell phone allowing me to store movies, pictures, and music that I can play on my phone.  The adapter, on the other hand, feels flimsy and fragile.  I had trouble inserting it into two different readers and even then it felt like like it was going to break.  I have several other adapters and this adapter feels like the material is much thinner than the others.  Having said that, I didn't purchase the memory for the adapter I purchased it for the speed rating and compatibility.  All things being equal I would consider purchasing the memory again.",3.0,1
"Have only transfered some pictures and music so far. My S3  Galazy had no problems recognizing the card...hear a lot of rumors about memory cards not working, having to format first, etc., but this one worked from me right out of the box.The included Adapter is also good when I want to use with my computer(s) for slide shows since MicroSDHC are not supported by many if any..just to small.",3.0,1
I bought this memory chip for a GoPro Hero 3 camera. It works beautifully and it arrived promptly with little packaging.,5.0,2
I have no issues with this Micro SD.  I purchased it for use with a video camera and it does everything I would expect without any problems.  Wouldn't hesitate to purchase again.,5.0,2
"I don't get too worked up about memory cards, usually try to buy at least class 10. I am sure this is a fine card, just the one I purchased was defective.  Replaced it with another brand, not wanting to try twice.",3.0,1
"These have issues with gopro, do not use. The transfer speed is inaccurate, and gopro has even admitted it doesn't support this.",1.0,0
"I bought two cards for tablets.  The first wouldn't format, so I bought another GSkill Class 10. The second worked, but only for 3-5 minutes. Then error, or freeze.  I thought it may have been the tablets.  However, the Gskill worked in both.....So I called Amazon.  The customer service was excellent.  There ""may"" have been a problem with one of their vendors......They shipped out two new cards with Saturday delivery.  It was ""implied"" through lengthy conversation with the Amazon Agent, that there were numerous problems with a particular company/vendor.Lesson:  Do NOT Hesitate To Call And Return if you get a card that seems to have ANY troubles out of the pack.I was surprised that my initial review was removed  from Amazon....So I am leaving another about the return.  II tried everything to fix these cards: fat32 ntfs and the newest exFat.....  There are definitely some damaged cards out there so be wary, and do not hesitate to call customer service!",1.0,0
"The card seemed to work well in most devices that I tried it in, but in a Samsung Galaxy S4 it would continue to unmount and mount over & over on the phone - a known issue on the Galaxy S4 forums due to a possibly bad batch of them.  I tried to reformat the card in the phone and from a PC computer, but that didn't help.  Finally I just called SanDisk and they had to RMA the card, which took about 2 weeks from start to finish when I had the new card in my hand.  The new 64 GB card from SanDisk looks slightly different, but still has gray & red on it.  However, it now works great in the Galaxy S4 and hasn't had any unmounting issues now for the past 3 weeks.Good card for pretty much everything else, except in the new Samsung Galaxy S4 phones.",3.0,1
"Found these for a really good price.  Bought 2, one for my wife and myself for our Galaxy Note 2 phones.  Hers worked fine but I did have an issue right from the start.  However, luckily it was right from the start because I had almost nothing on it so I reformatted in the Galaxy Note 2 and it has worked fine ever since.  It is recommended not to format it on the computer so I formatted it with the phone.  It works good as for now.",4.0,2
"this card is great and at 20 bucks its a steal. The card handles high transfer speeds which is good for music, pictures and videos. Do not get any lag or have to wait for card to load up.",5.0,2
"This product works as described.  It's just not super quick.  I would recommend this product, especially, if you get it on sale.",3.0,1
"With a USB 3.0 card reader, CrystalDiskMark shows blazing fast 47MB/s read but disappointingly slow 13MB/s write speed. So you can pretty much forget about reliable 1080P video recording.Update: It is correct that write speed great than 10MB/s is enough for 1080P recording. I need to clarify that the card is very slow when UHS-1 is not enabled. The read/write speeds drop to 13.3/7.9 MB/s. For devices that are a few years old such as Canon T2i which does not support UHS, 1080P recording may not be reliable. This card is classified as ""class 10,"" it should support sustained write speed of at least 10MB/s without UHS. It fails my test, as observed by other reviewers as well.",2.0,0
I bought 4 of these for my kids Samsung Galaxy Players.  They perform perfectly and seem to have great transfer rates.,5.0,2
"This card does exactly what it should.  Class-10 performance at a fair price in a MicroSD format.  It should be faster though, and in fact there are options out there now at a nominally higher price that do, including the &#34;extreme&#34; versions from the same vendor.",3.0,1
Does it's job and fairly cheap for what it's worth. I had to return my first one and exchange it for another because the first one was defective. Sandisk really needs to do better quality assurance on their products. The second one works perfectly fine. I use it for my GoPro camera.,3.0,1
"Decent transfer speeds out of phone..in phone sees around 10-12MB/s down to 5. This card is nothing to write home about however, as it only lasted me 7 months. Now it will not read in my phone or laptop or friend's phone. So now I lost all my files....I recommend you store your vital files in the phone.",3.0,1
"As expected, SanDisk delivered again with this card. Very fast transfers and a lot of data to use up. Bought it for a galaxy s 3 and it works great.",5.0,2
"If you look through the reviews you will see that this card seems to have both a failure rate and a incompatibility with some devices. I bought this card in November of 2012 and it worked great for a while. The card started failing in my Galaxy Note 2 in the beginning of January. After reformatting and trying the card in other devices it still does not work. Please understand that this is not a user error but appear to be something wrong with the card itself. I have tried the card in 3 different phones. 1 with stock Jelly Bean, 1 with Ice Cream Sandwich, and 1 with a Cyanogenmod custom firmware. All 3 devices have problems and say ""blank sd card"" or ""unsupported filesystem"". Even formatting the card in both Windows and using Android do not seem to fix the issue. I was happy to find such a good price on a large microsd card but sadly it looks like you get what you pay for. It does appear that some people are having luck so it might be worth a gamble of $20 if you are feeling lucky. If you do buy this card it would be wise to double check your backup process to make sure you do not lose pictures or videos if you have this problem. I am glad I used dropbox for my phone so I did not lose any pictures or videos.",1.0,0
"Decent transfer speeds out of phone..in phone sees around 10-12MB/s down to 5. This card is nothing to write home about however, as it only lasted me 7 months. Now it will not read in my phone or laptop or friend's phone. So now I lost all my files....I recommend you store your vital files in the phone.",3.0,1
"Transfers at about 10MB/s, not super speedy but it allows me to run software from it on my windows tablet.",5.0,2
"NOT GOOD REPEATEDLY SELF EJECTS FROM NEW GALAXY S4  RETURNED FOR EXCHANGE OR REFUND....BOUGHT TWO ONE WORKS WELL BUT ONE DOESN'T I GUESS IS DEFECTIVE....I HAVE TWO GAL S4,..IS WHY I BOUGHT 2...",1.0,0
"Gave it 4 stars because I don't know if the problem is the card or the phone.  I have an intermittant problem where the phone stops recognizing it.  But it's fast, and holds a lot.  I would recommend it.Update:  Had intermittant issues with my phone (galaxy s3).  Finally gave up the ghost completely, computer won't recognize it at all.  I don't think I had any important data on it.  I would take it up with SanDisk, as another reviewer indicated that they replaced his over issues in his phone, but my computer can't even recognize it to wipe it so I'm not sending it anywhere.",3.0,1
After assuming I was stuck with a number of Micro SD adapters that didn't work I purchased the SanDisk Ultra card and low and behold everything started working. Even my wife's tablet that didn't recognize the SD cards movies started working. Bottom line it just works.,5.0,2
"Reliable and inexpensive. However, it's quite slow, far, far slower than the 64GB samsung pro microsdxc. The Samsung works well for interactive use while I would only use this Sandisk card for applications where speed isn't important.",3.0,1
"This is a great speed card.More than 20 MB/sec. Works perfect on my Android device Samsung Galaxy SII (GT-I9100). Also works perfect using CyanongenMod 10.1.The only downside: the price. Is an expensive card.I use it for music playback, like PowerAmp, Spotify and Rdio. Works flawless.",3.0,1
"I have had this for 8 months, and the SD Card already stopped deleting files and keeping pictures.  I have tried reformatting, and nothing helps.  Not cool.Update - April 2, 2014 - I contacted Sandisk and I am sending the problematic card back for warranty replacement.  I hope this will resolve the issue with the card.  I will keep you updated once the process is complete.",1.0,0
"Great value, plenty of storage for both my phone & tablet!  I looked around and this is a really good deal.",5.0,2
The 64gb version does not seem as reliable as the lower gb versions. I have had to reformat this card twice .. a real nuisance. When its working .. it does well.,3.0,1
"This died so fast and I barely used it.  in fact, I did not even put anything on it and it died.  My pad recognized it for a few weeks, but when I went to put stuff on it, it was dead.Complete garbage, stay away.",1.0,0
"memory card failed mysteriously overnight, not sure why, but phone works fine with a different card.here, four more words",1.0,0
"I get randomly error messages with my nokia808, ""disk error-"" and the card stops working, its so, so sad.. I bought a cheap 8gb micro sd class 4 that works better than this :(",1.0,0
It writes according to SanDisk app test only with the speed of 16mb/second. I have expected a little more than that.,3.0,1
Quickly went bad. I used it for maybe 2 weeks. Better keep your receipt. Too bad i didn't.Bad deal. period.,3.0,1
It works just fine and I'm thinking of getting a 64GB for my tablet later on.  I don't have too much more to say except buy!,5.0,2
"Bought it, installed it in my Droid RazrM never removed it and it died at a little over 6 months now. Did not store apps or anything. just pictures and video from the phone.",1.0,0
"So far, so good. No complaints, does what it is supposed to do.",4.0,2
"Formatted card with SDFormatter 3.1PC used to test this card Sony vaio C2D sz645 + vaio memory card adapter VGP-MCA20A.h2testw 1.4 test results:Test finished without errors.Writing speed: 6.94 MByte/sReading speed: 12.5 MByte/sH2testw v1.4Android phone Samsung Exhibit 2SDTools test result:9.3MB/s write21.3MB/s readAlso tested write speed with an older model Sandisk usb 2.0 sd card reader and cheap generic unbranded reader, get about same results. I don't have any devices that can handle UHS-1 ""ultra"" speed of this card. Seems like a class 6 card or none of my gadgets can handle 10MB/s write speed or it's a class 6 card sold as class 10.",3.0,1
the micro sd works great as described. but beware that the micro sd adapters are faulty. the micro sd will get stuck in the adapter. you will have to carefully rip apart the adapter to get the micro sd out thus damaging the apapter.,3.0,1
"Super fast access to my Samsung Galaxy Note II. SanDisk Ultra Micro HC is blazing fast compared to the other microSD cards I have bought including PNY, Sony and more!",5.0,2
"I was really excited when this came out I have a Mac Air and a lot of music and film on it so the ability to stick this in my MiniDrive was great, it was that or buy a 128GB MiniDrive Air which is like $30 more that this and I already had a MiniDrive.  Problem is its not very fast, not fast enough, my girlfriend has a new 128GB MiniDrive and it runs way faster than this in my old adapter and new sandisk 128.  Its great though 128gb in this little chip glad its out cause now its just a matter of time before they make it better.Thanks",3.0,1
"Great price for this card. Lots of other places are charging over $40 each!!! SanDisk is a very safe bet. Haven't heard of any forgeries of these card yet like some other companies' cards. 64Gigs give you plenty of room to put LOTS of your music, photos and more on.",5.0,2
"I bought this for my Android phone and it kept stating ""media scanning"" over and over, even when the device was on or not even restarted. I thought it was the phone and was so annoyed. Then did a search and found that several others got a duds from this same batch off amazon. So not only did I pay for this, now I have a useless 32gb card that refuses to hold music on my phone, or anywhere else. I loaded a 4gb card in the same device and it only scans media when restarted and does not lag at all. The phone can hold up to 32 gb too. If you don't believe me, go onto the Sandisk message boards and look. It's a dud. So disappointing.",1.0,0
The docs for my Smart Phone said that this card would work in it.  After talking to SanDisk support I was told that a 32GB card was the max for my phone.  So I returned this card for a 32GB.  This card is probably a very good product.  Just the documentation for my phone was bad.,1.0,0
"I guess I should be happy it failed after only 1 month, because I only lost 1 month's worth of pictures etc.  I bought 3 of these cards for my wife, son and I.  My wife's had a minor glitch, which went away with a reboot.  Mine had a minor glitch this morning, so I expected the reboot to fix it.  No a reboot caused my Motorola Defy XT to tell me the card was blank and needed to be formatted.  My laptop won't even recognize the card when I put the card in it's reader.  After a couple hours of looking for a way to fix it, I have only found that this is very common for this specific card.EDIT: I was very happy with Sandisk after calling them.  They did say there are compatibility issues with CLASS 10 cards and some of the Android phones, and verified my phone is one of them.  They offered free replacement with a card that would be certain not to have the same issue mine just had, and also to attempt recovery of my items from the card.  These are the reasons we buy sandisk in the first place.  They did recommend a Class 4 or lower card to me for this phone.I am leaving this as a 1 star, because people should be aware of compatibility issues this severe.2nd Edit:  As of March 12, this replacement card, that wasn't going to ""be susceptible to the same type of failure"" is losing apps etc.  I am giving this card up.  It has taken my phone and turned it into a device I cannot count on.",1.0,0
"trash quality, broke and corrupted my data on two different cards",1.0,0
"I can say that SanDisk is one of the best company in the fields of electronics and Digital Cameras, but I am very dissapointed of this Memory Card.The card memory is only 25GB and the speed is 14MB/s which is not as advertised.I gave it to my dad to use it on his phone and I started to use the Sony 32GB MicroSD. I can say that it works perfectly: the storage is 32GB and the speed is 43MB/s.Buy it now: http://amzn.to/1iGqMVm . This is the exact link I used to buy mine.",1.0,0
"SanDisk SDSDQUA-064G-U46A Ultra 64 GB microSDXC Class 10 UHS-1 Memory Card.  Not much to say about this card other then the fact that it is working well.  My research had me believe that this was a good and fast card and I have no complaints using it in my Galaxy Note 3.Using Samsung's 'Kies' files transfer app on my Mac, I've had no problems transferring music, videos, docs, and other files to and from this card.",5.0,2
"Within an hour of using the memory card, it failed and died. it kept saying &#34;Memory error.&#34;I could never get my dashcam camera to record anything. I went to our walmart and got me just MicroSD not Ultra. It has been working all day so far.That's right. There is no way to tell what you are getting online is OEM or knock offs. When the price is too good to be true, it probably is - made and distributed by Mofia. LOL.Although the package arrived on time, I will never buy this product online or from this seller on Amazon. Waste of money.",1.0,0
"Do your self a favor and get some memory for that fancy new phone.I have taken countless photos & videos, downloaded several apps andloaded a bunch of music and still have room to spare.",4.0,2
"I ordered two 32GB and two 64Gb versions of these memory cards (but I can write only one review per Amazon). Two 32GB cards went into a camera and a cell phone which only accept up to 32GB cards -- and one 64GB card went into my Samsung Galaxy S3 cell phone. The second 64GB card's a spare.The Galaxy S3 phone accepted the 64GB MicroSD card with no problems -- except for the fact that my Galaxy S3 only recognizes 59.7GB of the 64GB MicroSD card. I have no idea why it does that and why I lost over 5GB of an empty MicroSD card but I'm okay with that -- I guess. 60GB's is still plenty. The transfers of music, videos, and pictures between the phone's internal 16GB memory and the 64GB MicroSD card is wayyy faster than the old SanDisk 16GB MicroSD card that was in there. The same noticeably faster speeds between my desktop computer and the 64GB MicroSD card were also smile inspiring.As for the SanDisk MicroSD cards -- they work great and seem to operate pretty darn fast. They're definitely faster than the old 16GB SanDisk MicroSD cards I had installed in my camera and cell phone(s).Now -- as for the shipping -- dismal! I ordered two 32GB along with two 64GB MicroSD cards on August 21 during an Amazon Gold Box sale. According to the tracking feature they didn't even transmit the shipping info to the carrier (USPS) until August 31. All four were shipped together. I didn't receive them until September 6 -- a full 16 days after I ordered. A little over two weeks for four tiny items that were indicated on the Amazon page as being -- ""In Stock. Ships from and sold by Amazon.com"" -- at the time of purchase. They also shipped all four tiny MicroSD card packages in a way over-sized box which the USPS couldn't fit into the mailbox so I had to make a cross-town trip to the US Post Office and stand in a very long and slow moving line to pick up the box. They could have all four EASILY fit in one small envelope. Even a small padded envelope. I left packaging feedback on that already.This is the 3rd straight time that Amazon shipping was horrible over the last several months -- and that is why the 2-star rating. This is not the Amazon shipping that I remember.",2.0,0
"Used on a Galaxy Note and so far it has been great, fast card and excelent brand, a+ performance !Update may 10 2013, it stopped working! It does not work with my Galaxy Note or my PC, sadly it is not recognized by any device...",3.0,1
06.NOV.2012 - Bought the card.12.JAN.2014 - Card failed.It cannot be formatted or used in any way.It lasted 14 months and most of that time I was not even using it.,1.0,0
I can always count on a good bargain on Amazon. Not only is the price good but their Prime program has saved me big time...,5.0,2
"There really isn't much to say about this card other than it's been very reliable and handles HD video from my GoPro Hero 3 very well and without a glitch.I'm not offering any benchmarks or other measurements of speed in comparison to other Class 10 MicroSD cards. All I can tell you is that this card has yet to fail me and I am a longtime video professional who works in a commercial/advertising/marketing environment, so I need things to be reliable for all of my clients.Recording and transferring video from device to computer is a snap and I've had no issues with it since I began using it.",5.0,2
"Great little card.  The only problem I have experienced may not even be related to the card, but Android OS itself.  I experience buffering/'hiccups'/pauses when watching a video if I also have my utorrent client in the background downloading.  I am not sure if this is limited to the card itself and possibly a faster write speed is needed, or it's the fault of the phone's OS.  However, I am confident that it's operating within spec.Card looks good too.. too bad it's in the case of my phone never to be seen.",3.0,1
"Gets the job done for my GoPro so that's good. I just never liked how small the actual card is due to its nature of it might just get lost...then that's game over. The price was amazing, so I got two for the price of half of one.",3.0,1
"Great product, great price, great quality!  I've purchased 6 of these so far for family and friends.The only thing better than this would be a 128gb model!I only wished that laptops came with micro SD slots!",5.0,2
Bought this to go with my Samsung Galaxy S III. It is class 10 which means it is fast. Works well.,5.0,2
It stores data and does a good job at it. What else can you say about something that has become so common place in today's world?,3.0,1
"I do not know if the GS3's have issues with reading cards of this size but I eventually had to remove this card and purchase a Transcend 8GB Class 10 card just to check if it was my phone that was the problem. When I got it I opened the packet, and popped it right in. Recognized, was able to start using, taking shots and video and they immediately saved to the card without the hangup my old class 2 card used to have. After a couple of days I noticed that I would take a shot and the phone would give me an error that it could not save to the SD card. You would have to reboot to fix. When scrolling through the gallery on the SD card it would freeze and the app would crash. I moved what I could, formatted the card but the same thing kept happening.Since installing the new Transcend 8GB card I've had no such issues. Maybe its just MY phone but I think there have been enough complaints from GS3 owners to be a little skeptical about this card on their phones.",3.0,1
"However, SanDisk replaced it and didn't charge for shipping.  So I guess I'll wait and see how long this one lasts.",3.0,1
"Allows me to store quite a few movies in my razr.  Sandisk is THE brand for memory, all of my USB memory thumb drives are Sandisk..",5.0,2
Great storage for the price (&#60; $1 per GB). The only draw-back is that they are rather slow to write to.,4.0,2
I have seen and purchased these at lower prices so I was disappointed on the cost but I needed them pretty quickly and I knew Sandisc's are good SD cards.,3.0,1
"Buying two of the 32GB cards is even cheaper than buying one 64GB, too. It's a really is a solid value.",5.0,2
"32 GB SD Card works well, and the price was reasonable, very happy with purchase so far! Worth a try!",5.0,2
"This San Disk Micro SDHC is perfect for today's small electronics that need extra storage, such as smartphones, tablets, and cameras, etc. I've purchased several of these and this brand/version, is among the best. While Amazon usually has great prices on these, make sure you check out sales, especially at Radio Shack, which often beat all others. (No, they don't pay me; I just like to pass along info on good deals when I spot them.) FYI: Radio Shack's sale prices on no-contract smartphones are usually tops as well. I bought my Virgin Mobile Samsung S2 from them and am loving this phone!Back to the memory card, it's so nice to have Android products that take these to expand memory, something the ""I"" guys could really take a lesson in. And if you don't think you'll need the expanded memory, trust me, with photo-taking and all the goodies you can get, you'll want it over time.As one person commented, yes, this memory card comes in various sizes, including the 32GB version I also purchased, which is the max compatible with the devices I have, although 64GB is also available for the latest tech. All this is amazing to this old-timer, whose first desktop PC hard drive had only 500MB storage!",5.0,2
"Formatted card with SDFormatter 3.1PC used to test this card Sony vaio C2D sz645 + vaio memory card adapter VGP-MCA20A.h2testw 1.4 test results:Test finished without errors.Writing speed: 6.94 MByte/sReading speed: 12.5 MByte/sH2testw v1.4Android phone Samsung Exhibit 2SDTools test result:9.3MB/s write21.3MB/s readAlso tested write speed with an older model Sandisk usb 2.0 sd card reader and cheap generic unbranded reader, get about same results. I don't have any devices that can handle UHS-1 ""ultra"" speed of this card. Seems like a class 6 card or none of my gadgets can handle 10MB/s write speed or it's a class 6 card sold as class 10.",3.0,1
"Like many here, mine failed and I lost my data (but being smart, I had a backup).  After further investigation, I found this product is NOT compatible with Android and a number of devices (cameras, phones, gps unit).  Windows seems to love it though.  Wish I had a windows device that could use 32G... my only one uses a whopping 100k at best.  What a Waste.UPDATE: Reformated is as FAT32 and works ok in my android devices and my Sony camera for about 3 months now.  Still, I keep a hot quick backup (OTA) every day to my desktop computer... I'll just say I'm not 100% confident in it yet.",3.0,1
I am having some trouble with it in my cell phone (Motorola Triumph)  Music player has not been reliable since I loaded songs on it.  Not sure if it is the card or my phone and it is not a consistent problem.  I need to try it on a few other devices.,3.0,1
"I am very disappointed in this card.  I usually don't have an issue with SanDisk, but this 32GB ultra card died after two months.  Died as in, no longer recognizable by PC / Camera or any device.  Now I have to wrestle with warranty claim.",1.0,0
"I owned one of these for a year before it lost its ability to write to itself. This was very disappointing, but not a deal breaker for me because San Disk products are usually built to last. I believe I just received a bad one from the batch that mine came from.",3.0,1
"The card seemed to work well in most devices that I tried it in, but in a Samsung Galaxy S4 it would continue to unmount and mount over & over on the phone - a known issue on the Galaxy S4 forums due to a possibly bad batch of them.  I tried to reformat the card in the phone and from a PC computer, but that didn't help.  Finally I just called SanDisk and they had to RMA the card, which took about 2 weeks from start to finish when I had the new card in my hand.  The new 64 GB card from SanDisk looks slightly different, but still has gray & red on it.  However, it now works great in the Galaxy S4 and hasn't had any unmounting issues now for the past 3 weeks.Good card for pretty much everything else, except in the new Samsung Galaxy S4 phones.",3.0,1
"Got it on time, and I haven't had any issues at all. I got if for my Samsung 10.1 note and there is by far plently of space left.",5.0,2
"I like it comes in handy fits good with my Galaxy S5 smartphone, no problem with filing data on a computer.",3.0,1
"I bought two of the 32 GB Sandisk Ultra microSDHC cards, and both of them were unusable.The first one stopped accepting new data when I had put a bit less than one gig of data onto the card.  I couldn't add more files, and I couldn't reformat the card. If I tried to write a new file onto the card, the write operation seemed as if it worked, but the new data couldn't be read back successfully.  The files already on the card were still readable, though, so basically, the card had become a 1 GB ROM.  Fortunately, there was no sensitive personal information on the card, so I returned it to Amazon.The second one didn't fail the same way, but it was still unusable.  If I transferred a bunch of files and then read them back, most of the transferred files had data errors.  For example, a 3 minute music file might only be able to have it's first minute of music played back, then the bad data would stop the music player.  I ran a write/readback test and confirmed that there were data errors on nearly every block tested.  (I used Flash_Drive_Tester_v114.exe, which is a free download.)I ended up buying the equivalent Transcend productTranscend Information TS32GUSDC10 32GB micro SDHC10 Flash Memory - No Box or Adapterwhich has been performing flawlessly.  I have over half of the capacity in use, and I've never seen any sign of data loss or corruption.  For USB plug in flash drives, I've had good luck with SanDisk products, but my experience with the SanDisk microSDHC cards has been terrible.",1.0,0
"I bougth this micro SD card after some trubles with other that i got from Kingston, i can tell that SanDisk is other quality, this is the best, my i9300 phone can read a 64GB very fast, the dta transfer speed from my pc to my is amazing, if you are looking for additional storage to you phone, for music, pictures and other type of files, this is for you.Pros-Very good quality materials of construction-Amazing speedUpdate after one year this memory is damaged I can not delete or put new files on it, I can not format this memory, I tried to format with my phone, with my pc, with a camera and nothing, now this is like a 64gb cd, the data in the memory is only available to read but I can not move, or delete it, I bought this memory to be used to backup all my data of my android device but now is only a readable memory I can not write data on it any more, I hope sandisk make a better products in the future!!! Total disagree I will buy a Samsung memory card expected a better quality.",1.0,0
"Got the SDSDQU-064G-AFFP-A on December 28, 2012, died on May 20, 2013Could not write to it or change any data, no matter what device i used. Even after format (Full & Quick using disk manager & EaseUS Partition Master 9.1.1 Home Edition, connected in a device or adaptor or usb adaptor) when disconnected and reconnected no change. Dropbox saved my data luckily (Had it syncing using Dropsync Pro).Was using it with Samsung Galaxy Note 2 T889 for the whole time, never was removed.",1.0,0
"SanDisk does not disappoint, this is exactly as described, arrived on time and is plenty of storage for all my photos, music playlists, and still leaves room for movies as well.",5.0,2
"Hard to review this as the card arrived DOA. Couldn't write to it at all, and it wouldn't format. I returned it and Amazon was great about the credit. I've owned several SanDisk memory cards and they have all performed well and I was a little surprised that this one failed out of the box. I'd read a good review of the Samsung 64GB micro card and I bought that instead. Very pleased with it.",2.0,0
"I bought this card for my android based phone, soon I started getting messages that my card had been removed and or it was damaged, Tried it in my tablet same thing, and this was not the first card of this brand that I had bought that experienced this problem. Went to several online forums to see what the solution is; then someone hit upon it, it just might be a problem with this brand of cards.I bought a PNY brand micro SD card and had no problem whatsoever.",1.0,0
"Reliable and inexpensive. However, it's quite slow, far, far slower than the 64GB samsung pro microsdxc. The Samsung works well for interactive use while I would only use this Sandisk card for applications where speed isn't important.",3.0,1
Buyer beware card unreadable from the get go. Luck for me amazon helped me out. There are many others on here that know how to format to Fat32 threw Window 7 and have had same issues.,1.0,0
"Formatted card with SDFormatter 3.1PC used to test this card Sony vaio C2D sz645 + vaio memory card adapter VGP-MCA20A.h2testw 1.4 test results:Test finished without errors.Writing speed: 6.94 MByte/sReading speed: 12.5 MByte/sH2testw v1.4Android phone Samsung Exhibit 2SDTools test result:9.3MB/s write21.3MB/s readAlso tested write speed with an older model Sandisk usb 2.0 sd card reader and cheap generic unbranded reader, get about same results. I don't have any devices that can handle UHS-1 ""ultra"" speed of this card. Seems like a class 6 card or none of my gadgets can handle 10MB/s write speed or it's a class 6 card sold as class 10.",3.0,1
I bought this to use I'm my Galaxy note 10.1 tablet. So far so good. Simple put into microsd slot and began storing data on it,4.0,2
"This review is for the SanDisk Ultra 32 GB MicroSDHC Class 10 UHS-1 Memory Card with Adapter (SDSDQU-032G-AFFP-A) that was purchased for me from Amazon.FRUSTRATING in a word. This card was reported by two different Android phones as damaged but my Windows computer recognized it with no issues. If the card had nothing on it or had just been reformatted then the phones recognized it but as soon as data, music or pictures were added then the phones reported the card as damaged. I had this card returned to Amazon after 3 days of sheer frustration.I read another review that suggested the Class 10 cards were not ideal for smart phones. I was already using a Sandisk Class 4 16GB card in another phone and had never had issues so I purchased a Class 4 Sandisk 32GB and it was as smooth as butter. Both phones recognized the card right away and added data, music and pictures seamlessly and quickly. The second card purchased was the SanDisk microSDHC 32GB Flash Memory Card, Black, SDSDQM-032G-B35 (Retail Packaging).In summary this card may work just fine for other devices but based on the sheer number of other reviewers (here on Amazon and elsewhere on the internet) that had similar issues with smartphones I cannot recommend this card for a smartphone.",1.0,0
"I ordered the regular packaging after reading the frustration-free packaging is sometimes counterfeit.  Anyway, the 32GB card I received was formatted as FAT32, and it seemed to work just fine in my new Moto G LTE phone running Android 4.4.3.  Moved apps onto the card, put some music on it.  Works great, no complaints.",5.0,2
"This does not appear to work with the Samsung Galaxy S3.  It worked for a few weeks, then my phone started giving me ""Unexpected Unmounted SD Card"" error messages.  After a bit of searching, people seem to agree that the S3 and Sandisk micro SD cards do not work together.",1.0,0
"What else can I say... this SanDisk 32 GB class 10 works like a charm in my Galaxy SII i9100 (unlocked). If you're upgrading from an old smaller microSD card, I did this:1. Create a .img file of the old microSD with HDD Raw Copy Tool (freeware)2. Recover the saved .img file in the new microSD card with HDD Raw Copy Tool* Since the old microSD had only 8 GB, the new microSD card will have only 8 GB D:3. Install Minitool Partition wizard (freeware) and choose the new microSD.4. Choose the Move/Resize option.5. Drag the space to the full size of the new microSD card6. Don't forget to Apply7. Put the microSD in your phone and there you go all your stuff and apps saved to the microSD working.",5.0,2
Some reason this card (and a replacement card) did not work with my GoPro Hero 3+.....therefore I could only give the card a 3* instead of a 5......ive also read that many people are having the same problem with ALL brands of micro SD 64 gb cards.,3.0,1
"I trusted this company but they only warranty their products about two months. I used the micro SD card in a Go Pro camera for approximately one (filming) hour and the third time I inserted it into the camera it showed;NO SD CARD;. After further investigation the card was determined to be bad. Amazon will not stand behind the card and I am out $50. This is a rare situation with Amazon, they are usually very helpful when a product is no good so this very well could be the SanDisc company behind the short warranty. When you pay this much money and the product doesn't even last two months, it should get NO stars, but then you know I cannot do that!UPDATE~ AMAZON DID REPLACE THIS CARD AFTER I SENT IT BACK TO THEM SO I UPGRADED THIS REVIEW TO THREE STARS",3.0,1
"im so upset right now it just died , turned on my phone and all my movies pics music all gone. card just died after three months bullcrap.",1.0,0
The SanDisk Ultras tend to work reliably on all my different cameras and phones which is not always true of some common but less expensive cards. This simplifies ordering but they do cost a bit more.,4.0,2
"I bought two cards for tablets.  The first wouldn't format, so I bought another GSkill Class 10. The second worked, but only for 3-5 minutes. Then error, or freeze.  I thought it may have been the tablets.  However, the Gskill worked in both.....So I called Amazon.  The customer service was excellent.  There ""may"" have been a problem with one of their vendors......They shipped out two new cards with Saturday delivery.  It was ""implied"" through lengthy conversation with the Amazon Agent, that there were numerous problems with a particular company/vendor.Lesson:  Do NOT Hesitate To Call And Return if you get a card that seems to have ANY troubles out of the pack.I was surprised that my initial review was removed  from Amazon....So I am leaving another about the return.  II tried everything to fix these cards: fat32 ntfs and the newest exFat.....  There are definitely some damaged cards out there so be wary, and do not hesitate to call customer service!",1.0,0
"The GoPro seems a bit finicky about card speeds since the last firmware upgrade I applied. The cards I've been using for quite a long time started causing it to randomly report errors and stop recording. I got a couple of these SanDisk cards and I've got the Hero powered via the USB port so I can fill the cards repeatedly without running out of battery. No errors reported so far, and I've completely filled one card twice and the other three times.I haven't always had the best luck with SanDisk but these are working well so far. Fingers crossed that they last a while, I use the camera to record off-road and &#34;brisk&#34; dual-sport rides.",3.0,1
"This is the second SanDisk micro SD that I've had to return due to some sort of error.  I am thinking I just have bad luck and hopefully 3rd time is the charm.During the time it was working properly, it seemed to be quick.",3.0,1
Exactly what it looks like. 64 GB micro SD card. reads and writes well. Comes in good packaging with an SD card adapter. SanDisk brings a high quality product and I tend to stick with them over some other cheaper brands.,5.0,2
this does excatly what i bought it for goes in to my phone and is a nice storage comes with a micro sd to sd converter so it was a nice buy,5.0,2
1080p 30fps or 720p 30fps or 24fps using the nokia camera app or regular app doesn't work. well it does but unless you want to see stuttering every 6-7 seconds. it freezes up constantly. very glitchy because its slow. got a 9mbs write 44.9mbs read on mine.,1.0,0
I used it with my Samsung S4 and it works great. I bring a lot of music and movies with me when I travel and it is great that I don't have to bring an entire hard drive or extra memory cards that can be misplaced. Totally worth the money.,5.0,2
"This chip replaces my previously fried out offbrand microSD.  So far it has performed flawlessly.  If it fails, I will update the review.  I have a Droid RAZR M smartphone.",5.0,2
"Card is perfect for use in GoPro. Write's fast and provides for super fast transfers to the computer. Price for two of these was the same as one 64GB card so the decision was easy. I'd rather have two cards so that I can swap them out, continue to record and have someone else transfer from the other one.",5.0,2
"It works, but file writes are a bit slower than expected on a USB3 reader.Also, both reads and writes are FASTER with the card inside the standard-size SD adapter (15 MB/s vs 10 write; 45 MB/s vs 22 MB/s read) on the same card reader.  Can't figure why...",3.0,1
"Do not buy, card failed on the third usage.  Kicker not to my favoris you only have about 2 months to return this card for a full refund.Then, it's a pro rated rated deal when you send it back to Amamzon inLexington, KY.The failed card was in a GoPro White Edition. Needless to say, a camera thatwas purchased for summer outdoor usage in November is going to sit for quite awhile before you have time to get your money back.  Card sat all winter and failedtowards the end of April.  6 months lag to get a decent, even pro rated refund.Out of all the items I bought from Amazon this is my only bad experience.64 gigs crammed on a tiny micro SD card is too much.  I'll stick with thesmaller 32 gigs until this technology is meant to last.Refund Update, once again Amazon did the right thing anbd refunded full purchase pricefor the dead 64 gig.  Amazon is where I shop for 2 reasons.  1. I live 50 miles frombig box stores and 2. they ALWAYS make things right with no muss ...no fuss.I replaced the dead card with Amazon brand Micro 32 gig SD micro card.I have purchased Amazon branded SD cards before and they work just as good as any.Not to mention the cost savings.",1.0,0
I used this on my dashcam that records 720p continuous for 12 hours without fail. Also used this on my Zoom H1.,5.0,2
Unable to read.It says it's blank.It then prompts to format or cancel.I clicked Format but Unable to Format.,1.0,0
I bought this card for my Samsung Galaxy S3.  Unfortunately it failed after 4 months.  I contacted SanDisk and they promptly sent me another.  It has been going strong for 6 months.,3.0,1
"Does what it says. Hasn't broken yet, and I hope it doesn't break. I've had luck with this brand before. Usually get bored with the product before it breaks.",3.0,1
"I WAS ABLE TO PUT ALL MY VAMPIRELLA MAGAZINES ALONG WITH SOME EERIE, CREEPY & MAD MAGAZINES PLUS SOME MOVIES LIKE THE ORIGINAL NICK FURY, THE NEW black PANTHER, THE ONE WHERE HE;S NOW A WHITE GUY. AWESOME !!!",5.0,2
"I put this in my Samsung Skyrocket phone.  Even though the phone says 32 GB  max, it still recognized and formatted the card.  Its great to have all of that space.However, any time i try to use the USB mass storage mode to transfer files, it errors out.  I thought it was the phone since it was larger than the max spec, but then I tried it in a USB card reader I had.  It still errored out trying the same files.  Finally, I had to put it in the adapter, and stick it in a card reader built into a laptop and transfer the files that way.I think the issue was that using the USB 2.0 the files were writing too fast and faulting out and with the laptop, transferring the files from the wireless network and then to the card, the transfer speed was slow enough that it was successful.  Took all night to get my stuff on the card though.I use it mostly for pics and video on my phone also, works great.  The phone seems to have no trouble accessing anything on the card and it seems  plenty fast for it even when recording high def video which i do a lot of for work.",3.0,1
"It isn't as fast as the class10 I used before, and the file structure only allows 29.7G free to put data on.  I can see SOME loss, but I'm very displeased with losing over 2G of space!  That's a big waste percentage.",3.0,1
"I bought this and after a month of use on my Samsung Galaxy s2 it failed and could no longer be seen, and when i contacted support they said that i had to send it to them to get replaced which is more expensive than buying a new one",1.0,0
"Worked great for about six months in my s4 and last week it started having device connectivity issues.  The phone keeps saying ad card removed, resetting the phone lets the memory card work for maybe 30 minutes.  Very frustrating.I have 30 gigs of media, I would appreciate scan disk resolving this issue with me and the product",2.0,0
What can you say? It works like advertised and has a flair for its design. Fantastic for my GoPro Here 3. Now I just have to get more!,5.0,2
I started to have trouble with my card after about 3 months. I shall attempt to get a replacement and hopefully the new one lasts much longer.,3.0,1
"This product sucks.  My phone keeps giving me a ""card removed"" please re-insert or something like that! Only to find out that they do have that problem (32gb sd's and higher micro sd card ultra class 10).  Complained to company and it's taking forever for them to ship me a new one.  Many mistakes happened with my new items and inconvenient.  Better to have just returned it with ""Amazon"" got the money back and bought a different one!!!  Company sucks! you would think Sandisk is a reputable name but "":$)($)(*. I bought 2 cards from them 32g and 64g and both have problems.",3.0,1
"Does not work.  I have a card purchased at Best Buy that looks identical side by side.  BUT!  Transferring music onto the Best Buy purchased card was extremely fast.  100+ meg albums transferred in 2 to 3 seconds.  On these cards, a 61 meg album was at 18 minutes remaining with less than a quarter of the album transferred.  I bought two, so I figured maybe a bad card.  Tried the other, same thing.  Extremely slow.  Wonder if they are even real.",1.0,0
only works with cameras having a remote screw. Works well with Fuji X2. Red even makes it just fine but would like black.,5.0,2
seems to work good in my gopro  have only had it a few days and if i have problems with it in coming months i will update this.. for not.. it works...,3.0,1
"I put this in my Samsung Skyrocket phone.  Even though the phone says 32 GB  max, it still recognized and formatted the card.  Its great to have all of that space.However, any time i try to use the USB mass storage mode to transfer files, it errors out.  I thought it was the phone since it was larger than the max spec, but then I tried it in a USB card reader I had.  It still errored out trying the same files.  Finally, I had to put it in the adapter, and stick it in a card reader built into a laptop and transfer the files that way.I think the issue was that using the USB 2.0 the files were writing too fast and faulting out and with the laptop, transferring the files from the wireless network and then to the card, the transfer speed was slow enough that it was successful.  Took all night to get my stuff on the card though.I use it mostly for pics and video on my phone also, works great.  The phone seems to have no trouble accessing anything on the card and it seems  plenty fast for it even when recording high def video which i do a lot of for work.",3.0,1
"I bought two of these at different times.  Both of them had the retail packaging with the Android on them and the model number matched the packaging.The first one was 32GB.  I tested this out with dd on my built-in SD card reader on my MBP and on a GFR204SD USB device and couldn't get more than 8 MB/s average write speed.  Would bounce up and down between 6 and 10.  The Class speed is supposed to be the minimum, not the maximum.  R/W off the HDD was above 20, so that wasn't the bottleneck. Neither is UHS compliant, but I should at least be able to get the Class 10 rating out of this.  Read @ 30 MB/s is pretty accurate.The second one (64GB) I tested by just watching Activity monitor to see if it was in the ballpark.  Bounced between 8 and 10 copying from a hard drive or a RAM disk.  Sounds like probably Class 10.  Read speed to RAM disk was about 24 MB/s.",3.0,1
Pay attention to your application and what class your card is!  Class 4 or unclassed may be cheaper but it may not give you the performance you want. Don't be pennywise and poundfoolish... this was purchased to go into one of the newer MK808 version tv streamer dongles and those take class 10. For the price this was a good value.I have been using SanDisk xD and sD regular and micro for 8 years now and always found them to be a consistent and high grade storage card. I can recommend this brand.,5.0,2
"I'm using this with my Samsung Galaxy S3 to expand the built-in 16 GB memory. My modest music collection uses about 10 GB, so I needed this micro SDHC card for a little more breathing room. I went with 32 GB which should last me for the life of the phone. I've been using it for a month with no problems. If your phone supports micro SDHC memory expansion, this is the one for you to get.",5.0,2
"I originally bought an off-brand card for my new GS4 because the price seemed so good. Then, the day after I took a lot of pictures...they all mysteriously vanished :'(So, since I've had only good experiences with SanDisk in the past, I immediately found this card (which I was happy was on sale at the time) and bought it. I've had absolutely no problems and I expect it to continue working for a long time *knock on wood*BOTTOM LINEThis is a quality product. DON'T buy cards without a respectable brand name.",5.0,2
"This product works as described.  It's just not super quick.  I would recommend this product, especially, if you get it on sale.",3.0,1
Great micro SD card for smartphones or other products. I wanted something with a high transfer rate so that taking HD video there would be no lag.,5.0,2
"Used for a digital camera card.Read speeds tested acceptable on a laptop using the adapter (11mb/s)WRITE speeds were atrocious reading 1mb/s to 512kb/s.The write speeds are not good for a card that needs to write files such as pictures or hd video.I have taken a few photos and tested the video, Perhaps the camera is capable of using this card at a better rated speed than the laptop and adapter",3.0,1
Stopped working and could not reformat.  Didn't have good luck with this item or the vendor selling this item.  Hopefully just a bad one...sandisk is usually pretty good,2.0,0
"I bought this a little under a year ago to use with my laptop. Worked just as advertised for much of that time until it stopped letting me write or delete stuff from it (could read just fine). I couldn't even format it. So it kinda just sat there for a while. After trying to format it a number of different ways, I finally contacted sandisk, and they said they will send me a replacement free of charge. I would have maybe given this a lower rating, but the customer service from sandisk made up for the faulty card. I am just glad it fell under a warranty period (I think). Had the card not failed, I would have given five stars. If sandisk wouldn't replace it, would have given one star. Hopefully the latter doesn't happen to you",3.0,1
"How do I praise extra memory? It fills my MP3 player with every song my heart desires, the sound quality is perfect. The ease of use is superb. It's great.",5.0,2
"I bought this to use as expanded storage in my Asus Transformer Book T100 but it was unstable and I have had to return it. Although the tablet would see the card when it was first inserted there would be errors trying to copy files onto it and then Windows would indicate that it needed formatting. If I tried a quick format then everything seemed to be OK but the instability would return as soon as I tried to copy data to the card. If I tried a full format it always failed.I gave it two starts because it seemed to work using the supplied SD adapter in a Windows 7 laptop. I was able to do a full format on that but, when I put it back into the tablet, the problems continued. The tablet is compatible with SDXC cards and, when I tried a different micro SD card in the tablet, it worked fine so I assume it was a problem with this card.",2.0,0
"good card of high quality material, nice design, new model. product brand name is famous n reliable. recommended, for good price...",5.0,2
"Fast card while it worked.  Died less than a week after return period expired....  Must note though that that is the nature of any memory storage card or drive.  Some fail, some last forever.  Not SanDisk's fault, not amazons fault - it is what it is.  BUT it is for this reason that i think Amazon should extend the return period on items which fall into this category.  Dont worry amazon, i still love you - but feel like your played the role of a proctologist on this one...",1.0,0
"So far its been fine, no problems other than when installed phone only read 59.45GB instead of the 64 GB, thats the reason I'm only giving it 4 stars.  If anyone can give me a answer why it only read 59 instead of the 64 please let me know!",4.0,2
"I purchased this card on a daily lighting deal for my new Samsung Galaxy Note II. It was recognized without issues. I connected it with its adapter to my computer's card reader to transfer about 3Gb of data and the best consistent transfer rate (average) was roughly 13Mbps... That's less than %50 of the advertised transfer rate.To be fair, I've used the same external card reader with my Sony HX100 digital camera with an SD card (16Gb class 10) and I get double the transfer rate of what I've gotten for this card.Here is the setup:1- SD Adapter included with this card.2- External 12-in-1 USB 2.0 card reader connected to a USB 2.0 port on my PC3- Files transferred were of varying sizes.4- Transferred from 2TB Seagate X2 SATA3 HDD (connected to SATA2 port)5- Windows 8 Enterprise x64 (oh yah baby)The only excuse I give this card for its bad performance is the files were relatively small sizes but some of them were as large as 50Mb... This still does not justify the very low transfer rate.I am not really picky because this card will reside inside my super phone but still it does not justify the money paid for this card.I hope this will help others.",3.0,1
"For the first two months, the card worked great in my GoPro Hero 3 Black Edition.  Then, one night, it randomly stopped working.  Amazon won't take it back, and I've got an email into SanDisk to see if I can get it replaced.  Now I'm out $52 and now can't use my camera.  Thanks so little.",2.0,0
I got a note 2 and needed more memory  well this is the one to get. I have had no problems with it. Recommended,5.0,2
"32 gb card is unredable...tablet cant read it, camera cant read it... Unable to format it... And  i dont havve 20 words...I have 30$ less...",1.0,0
"works as well as a SD card can i guess, but its not 64gb its (59.45GB) not like it really is all that big a deal but i just found it strange.",3.0,1
I've had two of these cards so far. Neither of them were recognized by Mac or PC. I am able to use it but only if I leave it in the Gopro camera and hook up the Gopro to the Mac via USB. It will not work as a normal SD card and needs to be used with the camera. I can not recomend this card at all. I had the first card replaced because it was defective. Now the second card is defective also. I don't have the time to play around with another return so I will just not ever buy Sandisk again.,1.0,0
"Hard to review this as the card arrived DOA. Couldn't write to it at all, and it wouldn't format. I returned it and Amazon was great about the credit. I've owned several SanDisk memory cards and they have all performed well and I was a little surprised that this one failed out of the box. I'd read a good review of the Samsung 64GB micro card and I bought that instead. Very pleased with it.",2.0,0
"It isn't as fast as the class10 I used before, and the file structure only allows 29.7G free to put data on.  I can see SOME loss, but I'm very displeased with losing over 2G of space!  That's a big waste percentage.",3.0,1
The last I heard this memory card works great. I gave it as a Christmas gift. The person I gave it to says it works great.,5.0,2
"Pros:1. ordered it and got free shipping.2. got it in 3 days.3. popped it out of the box.4. popped it in the cellphone!5. Done!Cons:1. doesn't come with a hot pocket.2. Amazon won't marry me.3. took me too long to order the hell was I thinking.4. took too long to get it out of the box 1 second!-------------------------------------------------------------------------------------update:Okay  I have to bring this rating down to 1 star.... My 64gb SD card just crapped out. I'm getting the ""0x80071ac3"" code and i cant format it or copy files to it. I ran scan disk and nothing works... I don't know if i will be buying any more SD cards again from them. luckily i was able to save all my files. I've goggled this problem and this is a common problem with these cards...",1.0,0
